"","Participant","Group","Item","Prime_type","Acc"
"1","1","CE","4","unrelated",1
"2","1","CE","6","constituent",1
"3","1","CE","11","unrelated",1
"4","1","CE","15","constituent",1
"5","1","CE","20","nonconstituent",1
"6","1","CE","22","constituent",1
"7","1","CE","25","constituent",1
"8","1","CE","34","nonconstituent",1
"9","1","CE","40","nonconstituent",1
"10","1","CE","44","unrelated",1
"11","1","CE","50","constituent",1
"12","1","CE","54","nonconstituent",1
"13","1","CE","58","constituent",1
"14","1","CE","87","unrelated",1
"15","1","CE","92","unrelated",1
"16","1","CE","103","nonconstituent",1
"17","1","CE","111","nonconstituent",1
"18","1","CE","120","unrelated",1
"19","2","CE","4","nonconstituent",1
"20","2","CE","6","unrelated",0
"21","2","CE","11","nonconstituent",1
"22","2","CE","15","unrelated",0
"23","2","CE","20","constituent",0
"24","2","CE","22","unrelated",1
"25","2","CE","25","unrelated",0
"26","2","CE","34","constituent",1
"27","2","CE","40","constituent",1
"28","2","CE","44","nonconstituent",1
"29","2","CE","50","unrelated",1
"30","2","CE","54","constituent",1
"31","2","CE","58","unrelated",1
"32","2","CE","87","nonconstituent",1
"33","2","CE","92","nonconstituent",1
"34","2","CE","103","constituent",1
"35","2","CE","111","constituent",0
"36","2","CE","120","nonconstituent",1
"37","3","CE","4","constituent",1
"38","3","CE","6","nonconstituent",1
"39","3","CE","11","constituent",1
"40","3","CE","15","nonconstituent",1
"41","3","CE","20","unrelated",0
"42","3","CE","22","nonconstituent",1
"43","3","CE","25","nonconstituent",1
"44","3","CE","34","unrelated",1
"45","3","CE","40","unrelated",0
"46","3","CE","44","constituent",1
"47","3","CE","50","nonconstituent",1
"48","3","CE","54","unrelated",0
"49","3","CE","58","nonconstituent",1
"50","3","CE","87","constituent",1
"51","3","CE","92","constituent",1
"52","3","CE","103","unrelated",0
"53","3","CE","111","unrelated",1
"54","3","CE","120","constituent",1
"55","4","CE","4","nonconstituent",0
"56","4","CE","6","unrelated",1
"57","4","CE","11","nonconstituent",1
"58","4","CE","15","unrelated",1
"59","4","CE","20","constituent",1
"60","4","CE","22","unrelated",1
"61","4","CE","25","unrelated",1
"62","4","CE","34","constituent",1
"63","4","CE","40","constituent",1
"64","4","CE","44","nonconstituent",1
"65","4","CE","50","unrelated",0
"66","4","CE","54","constituent",1
"67","4","CE","58","unrelated",1
"68","4","CE","87","nonconstituent",1
"69","4","CE","92","nonconstituent",1
"70","4","CE","103","constituent",1
"71","4","CE","111","constituent",1
"72","4","CE","120","nonconstituent",1
"73","5","CE","4","nonconstituent",1
"74","5","CE","6","unrelated",0
"75","5","CE","11","nonconstituent",1
"76","5","CE","15","unrelated",0
"77","5","CE","20","constituent",1
"78","5","CE","22","unrelated",1
"79","5","CE","25","unrelated",1
"80","5","CE","34","constituent",1
"81","5","CE","40","constituent",1
"82","5","CE","44","nonconstituent",1
"83","5","CE","50","unrelated",0
"84","5","CE","54","constituent",1
"85","5","CE","58","unrelated",1
"86","5","CE","87","nonconstituent",1
"87","5","CE","92","nonconstituent",1
"88","5","CE","103","constituent",1
"89","5","CE","111","constituent",1
"90","5","CE","120","nonconstituent",1
"91","6","CE","4","constituent",1
"92","6","CE","6","nonconstituent",1
"93","6","CE","11","constituent",1
"94","6","CE","15","nonconstituent",1
"95","6","CE","20","unrelated",1
"96","6","CE","22","nonconstituent",1
"97","6","CE","25","nonconstituent",1
"98","6","CE","34","unrelated",0
"99","6","CE","40","unrelated",0
"100","6","CE","44","constituent",1
"101","6","CE","50","nonconstituent",1
"102","6","CE","54","unrelated",0
"103","6","CE","58","nonconstituent",1
"104","6","CE","87","constituent",0
"105","6","CE","92","constituent",1
"106","6","CE","103","unrelated",0
"107","6","CE","111","unrelated",1
"108","6","CE","120","constituent",1
"109","7","CE","4","unrelated",1
"110","7","CE","6","constituent",1
"111","7","CE","11","unrelated",0
"112","7","CE","15","constituent",1
"113","7","CE","20","nonconstituent",1
"114","7","CE","22","constituent",1
"115","7","CE","25","constituent",1
"116","7","CE","34","nonconstituent",1
"117","7","CE","40","nonconstituent",1
"118","7","CE","44","unrelated",1
"119","7","CE","50","constituent",1
"120","7","CE","54","nonconstituent",1
"121","7","CE","58","constituent",1
"122","7","CE","87","unrelated",1
"123","7","CE","92","unrelated",1
"124","7","CE","103","nonconstituent",1
"125","7","CE","111","nonconstituent",1
"126","7","CE","120","unrelated",1
"127","8","CE","4","constituent",1
"128","8","CE","6","nonconstituent",1
"129","8","CE","11","constituent",1
"130","8","CE","15","nonconstituent",1
"131","8","CE","20","unrelated",1
"132","8","CE","22","nonconstituent",1
"133","8","CE","25","nonconstituent",1
"134","8","CE","34","unrelated",1
"135","8","CE","40","unrelated",1
"136","8","CE","44","constituent",1
"137","8","CE","50","nonconstituent",1
"138","8","CE","54","unrelated",1
"139","8","CE","58","nonconstituent",1
"140","8","CE","87","constituent",1
"141","8","CE","92","constituent",1
"142","8","CE","103","unrelated",1
"143","8","CE","111","unrelated",1
"144","8","CE","120","constituent",1
"145","9","CE","4","nonconstituent",1
"146","9","CE","6","unrelated",1
"147","9","CE","11","nonconstituent",1
"148","9","CE","15","unrelated",1
"149","9","CE","20","constituent",0
"150","9","CE","22","unrelated",1
"151","9","CE","25","unrelated",0
"152","9","CE","34","constituent",1
"153","9","CE","40","constituent",1
"154","9","CE","44","nonconstituent",1
"155","9","CE","50","unrelated",1
"156","9","CE","54","constituent",1
"157","9","CE","58","unrelated",1
"158","9","CE","87","nonconstituent",1
"159","9","CE","92","nonconstituent",1
"160","9","CE","103","constituent",1
"161","9","CE","111","constituent",1
"162","9","CE","120","nonconstituent",1
"163","10","CE","4","unrelated",0
"164","10","CE","6","constituent",1
"165","10","CE","11","unrelated",0
"166","10","CE","15","constituent",0
"167","10","CE","20","nonconstituent",1
"168","10","CE","22","constituent",1
"169","10","CE","25","constituent",0
"170","10","CE","34","nonconstituent",1
"171","10","CE","40","nonconstituent",1
"172","10","CE","44","unrelated",0
"173","10","CE","50","constituent",1
"174","10","CE","54","nonconstituent",1
"175","10","CE","58","constituent",1
"176","10","CE","87","unrelated",1
"177","10","CE","92","unrelated",0
"178","10","CE","103","nonconstituent",1
"179","10","CE","111","nonconstituent",1
"180","10","CE","120","unrelated",0
"181","11","CE","4","constituent",1
"182","11","CE","6","nonconstituent",0
"183","11","CE","11","constituent",0
"184","11","CE","15","nonconstituent",1
"185","11","CE","20","unrelated",0
"186","11","CE","22","nonconstituent",1
"187","11","CE","25","nonconstituent",0
"188","11","CE","34","unrelated",1
"189","11","CE","40","unrelated",0
"190","11","CE","44","constituent",1
"191","11","CE","50","nonconstituent",1
"192","11","CE","54","unrelated",0
"193","11","CE","58","nonconstituent",1
"194","11","CE","87","constituent",1
"195","11","CE","92","constituent",1
"196","11","CE","103","unrelated",0
"197","11","CE","111","unrelated",1
"198","11","CE","120","constituent",1
"199","12","CE","4","nonconstituent",1
"200","12","CE","6","unrelated",1
"201","12","CE","11","nonconstituent",1
"202","12","CE","15","unrelated",0
"203","12","CE","20","constituent",1
"204","12","CE","22","unrelated",0
"205","12","CE","25","unrelated",1
"206","12","CE","34","constituent",1
"207","12","CE","40","constituent",1
"208","12","CE","44","nonconstituent",1
"209","12","CE","50","unrelated",0
"210","12","CE","54","constituent",1
"211","12","CE","58","unrelated",1
"212","12","CE","87","nonconstituent",1
"213","12","CE","92","nonconstituent",1
"214","12","CE","103","constituent",1
"215","12","CE","111","constituent",1
"216","12","CE","120","nonconstituent",1
"217","13","CE","4","constituent",1
"218","13","CE","6","nonconstituent",1
"219","13","CE","11","constituent",1
"220","13","CE","15","nonconstituent",0
"221","13","CE","20","unrelated",0
"222","13","CE","22","nonconstituent",1
"223","13","CE","25","nonconstituent",1
"224","13","CE","34","unrelated",0
"225","13","CE","40","unrelated",0
"226","13","CE","44","constituent",0
"227","13","CE","50","nonconstituent",1
"228","13","CE","54","unrelated",1
"229","13","CE","58","nonconstituent",0
"230","13","CE","87","constituent",1
"231","13","CE","92","constituent",1
"232","13","CE","103","unrelated",1
"233","13","CE","111","unrelated",1
"234","13","CE","120","constituent",1
"235","14","CE","4","unrelated",1
"236","14","CE","6","constituent",1
"237","14","CE","11","unrelated",1
"238","14","CE","15","constituent",1
"239","14","CE","20","nonconstituent",1
"240","14","CE","22","constituent",1
"241","14","CE","25","constituent",1
"242","14","CE","34","nonconstituent",1
"243","14","CE","40","nonconstituent",1
"244","14","CE","44","unrelated",1
"245","14","CE","50","constituent",1
"246","14","CE","54","nonconstituent",1
"247","14","CE","58","constituent",1
"248","14","CE","87","unrelated",1
"249","14","CE","92","unrelated",1
"250","14","CE","103","nonconstituent",1
"251","14","CE","111","nonconstituent",1
"252","14","CE","120","unrelated",1
"253","15","CE","4","constituent",1
"254","15","CE","6","nonconstituent",1
"255","15","CE","11","constituent",1
"256","15","CE","15","nonconstituent",1
"257","15","CE","20","unrelated",1
"258","15","CE","22","nonconstituent",1
"259","15","CE","25","nonconstituent",0
"260","15","CE","34","unrelated",1
"261","15","CE","40","unrelated",1
"262","15","CE","44","constituent",1
"263","15","CE","50","nonconstituent",1
"264","15","CE","54","unrelated",1
"265","15","CE","58","nonconstituent",1
"266","15","CE","87","constituent",1
"267","15","CE","92","constituent",1
"268","15","CE","103","unrelated",1
"269","15","CE","111","unrelated",1
"270","15","CE","120","constituent",1
"271","16","CE","4","unrelated",0
"272","16","CE","6","constituent",1
"273","16","CE","11","unrelated",0
"274","16","CE","15","constituent",1
"275","16","CE","20","nonconstituent",0
"276","16","CE","22","constituent",1
"277","16","CE","25","constituent",1
"278","16","CE","34","nonconstituent",1
"279","16","CE","40","nonconstituent",0
"280","16","CE","44","unrelated",0
"281","16","CE","50","constituent",1
"282","16","CE","54","nonconstituent",1
"283","16","CE","58","constituent",1
"284","16","CE","87","unrelated",1
"285","16","CE","92","unrelated",1
"286","16","CE","103","nonconstituent",1
"287","16","CE","111","nonconstituent",0
"288","16","CE","120","unrelated",1
"289","17","CE","4","unrelated",1
"290","17","CE","6","constituent",1
"291","17","CE","11","unrelated",1
"292","17","CE","15","constituent",1
"293","17","CE","20","nonconstituent",1
"294","17","CE","22","constituent",0
"295","17","CE","25","constituent",1
"296","17","CE","34","nonconstituent",1
"297","17","CE","40","nonconstituent",1
"298","17","CE","44","unrelated",1
"299","17","CE","50","constituent",1
"300","17","CE","54","nonconstituent",0
"301","17","CE","58","constituent",1
"302","17","CE","87","unrelated",1
"303","17","CE","92","unrelated",1
"304","17","CE","103","nonconstituent",0
"305","17","CE","111","nonconstituent",1
"306","17","CE","120","unrelated",1
"307","18","CE","4","constituent",1
"308","18","CE","6","nonconstituent",1
"309","18","CE","11","constituent",1
"310","18","CE","15","nonconstituent",1
"311","18","CE","20","unrelated",1
"312","18","CE","22","nonconstituent",1
"313","18","CE","25","nonconstituent",1
"314","18","CE","34","unrelated",1
"315","18","CE","40","unrelated",1
"316","18","CE","44","constituent",1
"317","18","CE","50","nonconstituent",1
"318","18","CE","54","unrelated",1
"319","18","CE","58","nonconstituent",1
"320","18","CE","87","constituent",1
"321","18","CE","92","constituent",1
"322","18","CE","103","unrelated",1
"323","18","CE","111","unrelated",1
"324","18","CE","120","constituent",1
"325","19","CE","4","nonconstituent",1
"326","19","CE","6","unrelated",1
"327","19","CE","11","nonconstituent",1
"328","19","CE","15","unrelated",0
"329","19","CE","20","constituent",0
"330","19","CE","22","unrelated",1
"331","19","CE","25","unrelated",0
"332","19","CE","34","constituent",1
"333","19","CE","40","constituent",1
"334","19","CE","44","nonconstituent",1
"335","19","CE","50","unrelated",0
"336","19","CE","54","constituent",1
"337","19","CE","58","unrelated",0
"338","19","CE","87","nonconstituent",1
"339","19","CE","92","nonconstituent",1
"340","19","CE","103","constituent",1
"341","19","CE","111","constituent",1
"342","19","CE","120","nonconstituent",1
"343","20","CE","4","unrelated",1
"344","20","CE","6","constituent",1
"345","20","CE","11","unrelated",1
"346","20","CE","15","constituent",0
"347","20","CE","20","nonconstituent",1
"348","20","CE","22","constituent",1
"349","20","CE","25","constituent",1
"350","20","CE","34","nonconstituent",0
"351","20","CE","40","nonconstituent",1
"352","20","CE","44","unrelated",1
"353","20","CE","50","constituent",1
"354","20","CE","54","nonconstituent",1
"355","20","CE","58","constituent",1
"356","20","CE","87","unrelated",1
"357","20","CE","92","unrelated",0
"358","20","CE","103","nonconstituent",1
"359","20","CE","111","nonconstituent",1
"360","20","CE","120","unrelated",1
"361","21","CE","4","nonconstituent",1
"362","21","CE","6","unrelated",1
"363","21","CE","11","nonconstituent",1
"364","21","CE","15","unrelated",1
"365","21","CE","20","constituent",1
"366","21","CE","22","unrelated",1
"367","21","CE","25","unrelated",1
"368","21","CE","34","constituent",1
"369","21","CE","40","constituent",1
"370","21","CE","44","nonconstituent",1
"371","21","CE","50","unrelated",1
"372","21","CE","54","constituent",1
"373","21","CE","58","unrelated",1
"374","21","CE","87","nonconstituent",1
"375","21","CE","92","nonconstituent",1
"376","21","CE","103","constituent",1
"377","21","CE","111","constituent",1
"378","21","CE","120","nonconstituent",1
"379","22","CE","6","constituent",1
"380","22","CE","8","unrelated",0
"381","22","CE","11","unrelated",0
"382","22","CE","15","constituent",1
"383","22","CE","20","nonconstituent",1
"384","22","CE","22","constituent",1
"385","22","CE","25","constituent",1
"386","22","CE","34","nonconstituent",0
"387","22","CE","40","nonconstituent",0
"388","22","CE","44","unrelated",1
"389","22","CE","50","constituent",1
"390","22","CE","54","nonconstituent",1
"391","22","CE","58","constituent",1
"392","22","CE","87","unrelated",1
"393","22","CE","92","unrelated",1
"394","22","CE","103","nonconstituent",1
"395","22","CE","111","nonconstituent",1
"396","22","CE","120","unrelated",0
"397","23","CE","6","unrelated",1
"398","23","CE","8","nonconstituent",1
"399","23","CE","11","nonconstituent",1
"400","23","CE","15","unrelated",1
"401","23","CE","20","constituent",1
"402","23","CE","22","unrelated",0
"403","23","CE","25","unrelated",1
"404","23","CE","34","constituent",1
"405","23","CE","40","constituent",1
"406","23","CE","44","nonconstituent",1
"407","23","CE","50","unrelated",1
"408","23","CE","54","constituent",1
"409","23","CE","58","unrelated",1
"410","23","CE","87","nonconstituent",1
"411","23","CE","92","nonconstituent",1
"412","23","CE","103","constituent",1
"413","23","CE","111","constituent",1
"414","23","CE","120","nonconstituent",1
"415","24","CE","6","constituent",1
"416","24","CE","8","unrelated",1
"417","24","CE","11","unrelated",1
"418","24","CE","15","constituent",1
"419","24","CE","20","nonconstituent",1
"420","24","CE","22","constituent",1
"421","24","CE","25","constituent",1
"422","24","CE","34","nonconstituent",1
"423","24","CE","40","nonconstituent",1
"424","24","CE","44","unrelated",0
"425","24","CE","50","constituent",1
"426","24","CE","54","nonconstituent",1
"427","24","CE","58","constituent",1
"428","24","CE","87","unrelated",1
"429","24","CE","92","unrelated",1
"430","24","CE","103","nonconstituent",1
"431","24","CE","111","nonconstituent",1
"432","24","CE","120","unrelated",1
"433","25","CE","6","constituent",1
"434","25","CE","8","unrelated",1
"435","25","CE","11","unrelated",0
"436","25","CE","15","constituent",0
"437","25","CE","20","nonconstituent",1
"438","25","CE","22","constituent",1
"439","25","CE","25","constituent",1
"440","25","CE","34","nonconstituent",1
"441","25","CE","40","nonconstituent",1
"442","25","CE","44","unrelated",1
"443","25","CE","50","constituent",1
"444","25","CE","54","nonconstituent",1
"445","25","CE","58","constituent",1
"446","25","CE","87","unrelated",1
"447","25","CE","92","unrelated",0
"448","25","CE","103","nonconstituent",1
"449","25","CE","111","nonconstituent",1
"450","25","CE","120","unrelated",1
"451","26","CE","6","nonconstituent",1
"452","26","CE","8","constituent",1
"453","26","CE","11","constituent",1
"454","26","CE","15","nonconstituent",0
"455","26","CE","20","unrelated",1
"456","26","CE","22","nonconstituent",1
"457","26","CE","25","nonconstituent",1
"458","26","CE","34","unrelated",1
"459","26","CE","40","unrelated",1
"460","26","CE","44","constituent",1
"461","26","CE","50","nonconstituent",1
"462","26","CE","54","unrelated",0
"463","26","CE","58","nonconstituent",1
"464","26","CE","87","constituent",0
"465","26","CE","92","constituent",0
"466","26","CE","103","unrelated",1
"467","26","CE","111","unrelated",1
"468","26","CE","120","constituent",1
"469","27","CE","4","unrelated",0
"470","27","CE","6","constituent",1
"471","27","CE","11","unrelated",0
"472","27","CE","15","constituent",1
"473","27","CE","20","nonconstituent",1
"474","27","CE","22","constituent",1
"475","27","CE","25","constituent",1
"476","27","CE","34","nonconstituent",1
"477","27","CE","40","nonconstituent",1
"478","27","CE","44","unrelated",1
"479","27","CE","50","constituent",1
"480","27","CE","54","nonconstituent",1
"481","27","CE","58","constituent",1
"482","27","CE","87","unrelated",1
"483","27","CE","92","unrelated",1
"484","27","CE","103","nonconstituent",1
"485","27","CE","111","nonconstituent",1
"486","27","CE","120","unrelated",1
"487","28","CE","4","constituent",1
"488","28","CE","6","nonconstituent",1
"489","28","CE","11","constituent",1
"490","28","CE","15","nonconstituent",1
"491","28","CE","20","unrelated",1
"492","28","CE","22","nonconstituent",1
"493","28","CE","25","nonconstituent",0
"494","28","CE","34","unrelated",1
"495","28","CE","40","unrelated",1
"496","28","CE","44","constituent",1
"497","28","CE","50","nonconstituent",1
"498","28","CE","54","unrelated",1
"499","28","CE","58","nonconstituent",1
"500","28","CE","87","constituent",1
"501","28","CE","92","constituent",1
"502","28","CE","103","unrelated",1
"503","28","CE","111","unrelated",1
"504","28","CE","120","constituent",1
"505","29","CE","4","unrelated",1
"506","29","CE","6","constituent",1
"507","29","CE","11","unrelated",0
"508","29","CE","15","constituent",1
"509","29","CE","20","nonconstituent",1
"510","29","CE","22","constituent",1
"511","29","CE","25","constituent",1
"512","29","CE","34","nonconstituent",1
"513","29","CE","40","nonconstituent",1
"514","29","CE","44","unrelated",1
"515","29","CE","50","constituent",1
"516","29","CE","54","nonconstituent",1
"517","29","CE","58","constituent",1
"518","29","CE","87","unrelated",1
"519","29","CE","92","unrelated",1
"520","29","CE","103","nonconstituent",1
"521","29","CE","111","nonconstituent",1
"522","29","CE","120","unrelated",1
"523","30","CE","4","constituent",1
"524","30","CE","6","nonconstituent",1
"525","30","CE","11","constituent",1
"526","30","CE","15","nonconstituent",1
"527","30","CE","20","unrelated",1
"528","30","CE","22","nonconstituent",1
"529","30","CE","25","nonconstituent",1
"530","30","CE","34","unrelated",1
"531","30","CE","40","unrelated",1
"532","30","CE","44","constituent",1
"533","30","CE","50","nonconstituent",1
"534","30","CE","54","unrelated",1
"535","30","CE","58","nonconstituent",1
"536","30","CE","87","constituent",1
"537","30","CE","92","constituent",1
"538","30","CE","103","unrelated",1
"539","30","CE","111","unrelated",1
"540","30","CE","120","constituent",1
"541","31","CE","4","nonconstituent",1
"542","31","CE","6","unrelated",1
"543","31","CE","11","nonconstituent",1
"544","31","CE","15","unrelated",0
"545","31","CE","20","constituent",1
"546","31","CE","22","unrelated",0
"547","31","CE","25","unrelated",1
"548","31","CE","34","constituent",1
"549","31","CE","40","constituent",1
"550","31","CE","44","nonconstituent",1
"551","31","CE","50","unrelated",0
"552","31","CE","54","constituent",1
"553","31","CE","58","unrelated",1
"554","31","CE","87","nonconstituent",1
"555","31","CE","92","nonconstituent",1
"556","31","CE","103","constituent",1
"557","31","CE","111","constituent",1
"558","31","CE","120","nonconstituent",1
"559","32","CE","4","constituent",1
"560","32","CE","6","nonconstituent",1
"561","32","CE","11","constituent",1
"562","32","CE","15","nonconstituent",0
"563","32","CE","20","unrelated",0
"564","32","CE","22","nonconstituent",1
"565","32","CE","25","nonconstituent",1
"566","32","CE","34","unrelated",0
"567","32","CE","40","unrelated",0
"568","32","CE","44","constituent",0
"569","32","CE","50","nonconstituent",1
"570","32","CE","54","unrelated",1
"571","32","CE","58","nonconstituent",0
"572","32","CE","87","constituent",1
"573","32","CE","92","constituent",1
"574","32","CE","103","unrelated",1
"575","32","CE","111","unrelated",1
"576","32","CE","120","constituent",1
"577","33","CE","4","unrelated",1
"578","33","CE","6","constituent",1
"579","33","CE","11","unrelated",1
"580","33","CE","15","constituent",1
"581","33","CE","20","nonconstituent",1
"582","33","CE","22","constituent",1
"583","33","CE","25","constituent",1
"584","33","CE","34","nonconstituent",1
"585","33","CE","40","nonconstituent",1
"586","33","CE","44","unrelated",1
"587","33","CE","50","constituent",1
"588","33","CE","54","nonconstituent",1
"589","33","CE","58","constituent",1
"590","33","CE","87","unrelated",1
"591","33","CE","92","unrelated",1
"592","33","CE","103","nonconstituent",1
"593","33","CE","111","nonconstituent",1
"594","33","CE","120","unrelated",1
"595","34","CE","4","constituent",1
"596","34","CE","6","nonconstituent",1
"597","34","CE","11","constituent",1
"598","34","CE","15","nonconstituent",1
"599","34","CE","20","unrelated",1
"600","34","CE","22","nonconstituent",1
"601","34","CE","25","nonconstituent",0
"602","34","CE","34","unrelated",1
"603","34","CE","40","unrelated",1
"604","34","CE","44","constituent",1
"605","34","CE","50","nonconstituent",1
"606","34","CE","54","unrelated",1
"607","34","CE","58","nonconstituent",1
"608","34","CE","87","constituent",1
"609","34","CE","92","constituent",1
"610","34","CE","103","unrelated",1
"611","34","CE","111","unrelated",1
"612","34","CE","120","constituent",1
"613","35","CE","4","unrelated",1
"614","35","CE","6","constituent",1
"615","35","CE","11","unrelated",1
"616","35","CE","15","constituent",1
"617","35","CE","20","nonconstituent",1
"618","35","CE","22","constituent",0
"619","35","CE","25","constituent",1
"620","35","CE","34","nonconstituent",1
"621","35","CE","40","nonconstituent",1
"622","35","CE","44","unrelated",1
"623","35","CE","50","constituent",1
"624","35","CE","54","nonconstituent",0
"625","35","CE","58","constituent",1
"626","35","CE","87","unrelated",1
"627","35","CE","92","unrelated",1
"628","35","CE","103","nonconstituent",0
"629","35","CE","111","nonconstituent",1
"630","35","CE","120","unrelated",1
"631","36","CE","4","unrelated",1
"632","36","CE","6","constituent",1
"633","36","CE","11","unrelated",0
"634","36","CE","15","constituent",1
"635","36","CE","20","nonconstituent",1
"636","36","CE","22","constituent",1
"637","36","CE","25","constituent",1
"638","36","CE","34","nonconstituent",1
"639","36","CE","40","nonconstituent",1
"640","36","CE","44","unrelated",0
"641","36","CE","50","constituent",1
"642","36","CE","54","nonconstituent",1
"643","36","CE","58","constituent",1
"644","36","CE","87","unrelated",0
"645","36","CE","92","unrelated",0
"646","36","CE","103","nonconstituent",1
"647","36","CE","111","nonconstituent",1
"648","36","CE","120","unrelated",1
"649","37","CE","4","nonconstituent",1
"650","37","CE","6","unrelated",1
"651","37","CE","11","nonconstituent",1
"652","37","CE","15","unrelated",1
"653","37","CE","20","constituent",1
"654","37","CE","22","unrelated",1
"655","37","CE","25","unrelated",1
"656","37","CE","34","constituent",1
"657","37","CE","40","constituent",1
"658","37","CE","44","nonconstituent",1
"659","37","CE","50","unrelated",1
"660","37","CE","54","constituent",1
"661","37","CE","58","unrelated",1
"662","37","CE","87","nonconstituent",1
"663","37","CE","92","nonconstituent",1
"664","37","CE","103","constituent",1
"665","37","CE","111","constituent",1
"666","37","CE","120","nonconstituent",1
"667","38","CE","4","nonconstituent",1
"668","38","CE","6","unrelated",1
"669","38","CE","11","nonconstituent",1
"670","38","CE","15","unrelated",1
"671","38","CE","20","constituent",1
"672","38","CE","22","unrelated",0
"673","38","CE","25","unrelated",1
"674","38","CE","34","constituent",1
"675","38","CE","40","constituent",1
"676","38","CE","44","nonconstituent",1
"677","38","CE","50","unrelated",1
"678","38","CE","54","constituent",1
"679","38","CE","58","unrelated",1
"680","38","CE","87","nonconstituent",1
"681","38","CE","92","nonconstituent",1
"682","38","CE","103","constituent",1
"683","38","CE","111","constituent",1
"684","38","CE","120","nonconstituent",1
"685","39","CE","4","constituent",1
"686","39","CE","6","nonconstituent",1
"687","39","CE","11","constituent",1
"688","39","CE","15","nonconstituent",1
"689","39","CE","20","unrelated",1
"690","39","CE","22","nonconstituent",1
"691","39","CE","25","nonconstituent",1
"692","39","CE","34","unrelated",1
"693","39","CE","40","unrelated",1
"694","39","CE","44","constituent",1
"695","39","CE","50","nonconstituent",1
"696","39","CE","54","unrelated",1
"697","39","CE","58","nonconstituent",1
"698","39","CE","87","constituent",1
"699","39","CE","92","constituent",1
"700","39","CE","103","unrelated",1
"701","39","CE","111","unrelated",0
"702","39","CE","120","constituent",1
"703","40","CE","4","constituent",1
"704","40","CE","6","nonconstituent",1
"705","40","CE","11","constituent",1
"706","40","CE","15","nonconstituent",0
"707","40","CE","20","unrelated",1
"708","40","CE","22","nonconstituent",1
"709","40","CE","25","nonconstituent",1
"710","40","CE","34","unrelated",1
"711","40","CE","40","unrelated",1
"712","40","CE","44","constituent",1
"713","40","CE","50","nonconstituent",1
"714","40","CE","54","unrelated",0
"715","40","CE","58","nonconstituent",1
"716","40","CE","87","constituent",0
"717","40","CE","92","constituent",0
"718","40","CE","103","unrelated",1
"719","40","CE","111","unrelated",1
"720","40","CE","120","constituent",1
"721","41","CE","4","constituent",1
"722","41","CE","6","nonconstituent",1
"723","41","CE","11","constituent",1
"724","41","CE","15","nonconstituent",0
"725","41","CE","20","unrelated",1
"726","41","CE","22","nonconstituent",1
"727","41","CE","25","nonconstituent",1
"728","41","CE","34","unrelated",1
"729","41","CE","40","unrelated",1
"730","41","CE","44","constituent",1
"731","41","CE","50","nonconstituent",1
"732","41","CE","54","unrelated",0
"733","41","CE","58","nonconstituent",1
"734","41","CE","87","constituent",0
"735","41","CE","92","constituent",0
"736","41","CE","103","unrelated",1
"737","41","CE","111","unrelated",1
"738","41","CE","120","constituent",1
"739","42","CE","4","constituent",1
"740","42","CE","6","nonconstituent",1
"741","42","CE","11","constituent",1
"742","42","CE","15","nonconstituent",0
"743","42","CE","20","unrelated",1
"744","42","CE","22","nonconstituent",1
"745","42","CE","25","nonconstituent",1
"746","42","CE","34","unrelated",1
"747","42","CE","40","unrelated",1
"748","42","CE","44","constituent",1
"749","42","CE","50","nonconstituent",1
"750","42","CE","54","unrelated",0
"751","42","CE","58","nonconstituent",1
"752","42","CE","87","constituent",0
"753","42","CE","92","constituent",0
"754","42","CE","103","unrelated",1
"755","42","CE","111","unrelated",1
"756","42","CE","120","constituent",1
"757","43","CE","4","nonconstituent",0
"758","43","CE","6","unrelated",1
"759","43","CE","11","nonconstituent",1
"760","43","CE","15","unrelated",1
"761","43","CE","20","constituent",1
"762","43","CE","22","unrelated",1
"763","43","CE","25","unrelated",1
"764","43","CE","34","constituent",1
"765","43","CE","40","constituent",1
"766","43","CE","44","nonconstituent",1
"767","43","CE","50","unrelated",0
"768","43","CE","54","constituent",1
"769","43","CE","58","unrelated",1
"770","43","CE","87","nonconstituent",1
"771","43","CE","92","nonconstituent",1
"772","43","CE","103","constituent",1
"773","43","CE","111","constituent",1
"774","43","CE","120","nonconstituent",1
"775","44","CE","4","nonconstituent",1
"776","44","CE","6","unrelated",1
"777","44","CE","11","nonconstituent",1
"778","44","CE","15","unrelated",1
"779","44","CE","20","constituent",1
"780","44","CE","22","unrelated",1
"781","44","CE","25","unrelated",1
"782","44","CE","34","constituent",1
"783","44","CE","40","constituent",1
"784","44","CE","44","nonconstituent",1
"785","44","CE","50","unrelated",1
"786","44","CE","54","constituent",1
"787","44","CE","58","unrelated",1
"788","44","CE","87","nonconstituent",1
"789","44","CE","92","nonconstituent",1
"790","44","CE","103","constituent",1
"791","44","CE","111","constituent",1
"792","44","CE","120","nonconstituent",1
"793","45","CE","4","unrelated",1
"794","45","CE","6","constituent",1
"795","45","CE","11","unrelated",1
"796","45","CE","15","constituent",1
"797","45","CE","20","nonconstituent",1
"798","45","CE","22","constituent",1
"799","45","CE","25","constituent",1
"800","45","CE","34","nonconstituent",1
"801","45","CE","40","nonconstituent",1
"802","45","CE","44","unrelated",1
"803","45","CE","50","constituent",1
"804","45","CE","54","nonconstituent",1
"805","45","CE","58","constituent",1
"806","45","CE","87","unrelated",1
"807","45","CE","92","unrelated",1
"808","45","CE","103","nonconstituent",1
"809","45","CE","111","nonconstituent",1
"810","45","CE","120","unrelated",1
"811","46","CE","4","nonconstituent",1
"812","46","CE","6","unrelated",1
"813","46","CE","11","nonconstituent",1
"814","46","CE","15","unrelated",1
"815","46","CE","20","constituent",1
"816","46","CE","22","unrelated",0
"817","46","CE","25","unrelated",1
"818","46","CE","34","constituent",1
"819","46","CE","40","constituent",1
"820","46","CE","44","nonconstituent",1
"821","46","CE","50","unrelated",1
"822","46","CE","54","constituent",1
"823","46","CE","58","unrelated",1
"824","46","CE","87","nonconstituent",1
"825","46","CE","92","nonconstituent",1
"826","46","CE","103","constituent",1
"827","46","CE","111","constituent",1
"828","46","CE","120","nonconstituent",1
"829","47","CE","4","nonconstituent",1
"830","47","CE","6","unrelated",1
"831","47","CE","11","nonconstituent",1
"832","47","CE","15","unrelated",1
"833","47","CE","20","constituent",1
"834","47","CE","22","unrelated",0
"835","47","CE","25","unrelated",1
"836","47","CE","34","constituent",1
"837","47","CE","40","constituent",1
"838","47","CE","44","nonconstituent",1
"839","47","CE","50","unrelated",1
"840","47","CE","54","constituent",1
"841","47","CE","58","unrelated",1
"842","47","CE","87","nonconstituent",1
"843","47","CE","92","nonconstituent",1
"844","47","CE","103","constituent",1
"845","47","CE","111","constituent",1
"846","47","CE","120","nonconstituent",1
"847","48","CE","4","nonconstituent",1
"848","48","CE","6","unrelated",1
"849","48","CE","11","nonconstituent",1
"850","48","CE","15","unrelated",1
"851","48","CE","20","constituent",1
"852","48","CE","22","unrelated",0
"853","48","CE","25","unrelated",1
"854","48","CE","34","constituent",1
"855","48","CE","40","constituent",1
"856","48","CE","44","nonconstituent",1
"857","48","CE","50","unrelated",1
"858","48","CE","54","constituent",1
"859","48","CE","58","unrelated",1
"860","48","CE","87","nonconstituent",1
"861","48","CE","92","nonconstituent",1
"862","48","CE","103","constituent",1
"863","48","CE","111","constituent",1
"864","48","CE","120","nonconstituent",1
"865","49","NE","4","constituent",1
"866","49","NE","6","nonconstituent",1
"867","49","NE","11","constituent",1
"868","49","NE","15","nonconstituent",0
"869","49","NE","20","unrelated",1
"870","49","NE","22","nonconstituent",1
"871","49","NE","25","nonconstituent",1
"872","49","NE","34","unrelated",1
"873","49","NE","40","unrelated",1
"874","49","NE","44","constituent",1
"875","49","NE","50","nonconstituent",1
"876","49","NE","54","unrelated",0
"877","49","NE","58","nonconstituent",1
"878","49","NE","87","constituent",1
"879","49","NE","92","constituent",1
"880","49","NE","103","unrelated",1
"881","49","NE","111","unrelated",0
"882","49","NE","120","constituent",1
"883","50","NE","4","unrelated",1
"884","50","NE","6","constituent",1
"885","50","NE","11","unrelated",1
"886","50","NE","15","constituent",1
"887","50","NE","20","nonconstituent",1
"888","50","NE","22","constituent",1
"889","50","NE","25","constituent",1
"890","50","NE","34","nonconstituent",1
"891","50","NE","40","nonconstituent",1
"892","50","NE","44","unrelated",1
"893","50","NE","50","constituent",1
"894","50","NE","54","nonconstituent",1
"895","50","NE","58","constituent",1
"896","50","NE","87","unrelated",1
"897","50","NE","92","unrelated",1
"898","50","NE","103","nonconstituent",1
"899","50","NE","111","nonconstituent",1
"900","50","NE","120","unrelated",1
"901","51","NE","4","unrelated",1
"902","51","NE","6","constituent",1
"903","51","NE","11","unrelated",1
"904","51","NE","15","constituent",1
"905","51","NE","20","nonconstituent",1
"906","51","NE","22","constituent",1
"907","51","NE","25","constituent",1
"908","51","NE","34","nonconstituent",1
"909","51","NE","40","nonconstituent",1
"910","51","NE","44","unrelated",1
"911","51","NE","50","constituent",1
"912","51","NE","54","nonconstituent",1
"913","51","NE","58","constituent",1
"914","51","NE","87","unrelated",1
"915","51","NE","92","unrelated",1
"916","51","NE","103","nonconstituent",1
"917","51","NE","111","nonconstituent",1
"918","51","NE","120","unrelated",1
"919","52","NE","4","constituent",0
"920","52","NE","6","nonconstituent",1
"921","52","NE","11","constituent",1
"922","52","NE","15","nonconstituent",1
"923","52","NE","20","unrelated",1
"924","52","NE","22","nonconstituent",1
"925","52","NE","25","nonconstituent",1
"926","52","NE","34","unrelated",1
"927","52","NE","40","unrelated",1
"928","52","NE","44","constituent",1
"929","52","NE","50","nonconstituent",1
"930","52","NE","54","unrelated",1
"931","52","NE","58","nonconstituent",1
"932","52","NE","87","constituent",1
"933","52","NE","92","constituent",1
"934","52","NE","103","unrelated",0
"935","52","NE","111","unrelated",1
"936","52","NE","120","constituent",1
"937","53","NE","4","constituent",0
"938","53","NE","6","nonconstituent",1
"939","53","NE","11","constituent",1
"940","53","NE","15","nonconstituent",1
"941","53","NE","20","unrelated",1
"942","53","NE","22","nonconstituent",1
"943","53","NE","25","nonconstituent",1
"944","53","NE","34","unrelated",1
"945","53","NE","40","unrelated",1
"946","53","NE","44","constituent",1
"947","53","NE","50","nonconstituent",1
"948","53","NE","54","unrelated",1
"949","53","NE","58","nonconstituent",1
"950","53","NE","87","constituent",1
"951","53","NE","92","constituent",1
"952","53","NE","103","unrelated",1
"953","53","NE","111","unrelated",1
"954","53","NE","120","constituent",1
"955","54","NE","4","nonconstituent",0
"956","54","NE","6","unrelated",1
"957","54","NE","11","nonconstituent",1
"958","54","NE","15","unrelated",1
"959","54","NE","20","constituent",1
"960","54","NE","22","unrelated",1
"961","54","NE","25","unrelated",1
"962","54","NE","34","constituent",1
"963","54","NE","40","constituent",1
"964","54","NE","44","nonconstituent",1
"965","54","NE","50","unrelated",1
"966","54","NE","54","constituent",1
"967","54","NE","58","unrelated",1
"968","54","NE","87","nonconstituent",1
"969","54","NE","92","nonconstituent",1
"970","54","NE","103","constituent",1
"971","54","NE","111","constituent",1
"972","54","NE","120","nonconstituent",1
"973","55","NE","4","nonconstituent",1
"974","55","NE","6","unrelated",1
"975","55","NE","11","nonconstituent",1
"976","55","NE","15","unrelated",1
"977","55","NE","20","constituent",1
"978","55","NE","22","unrelated",1
"979","55","NE","25","unrelated",1
"980","55","NE","34","constituent",1
"981","55","NE","40","constituent",1
"982","55","NE","44","nonconstituent",1
"983","55","NE","50","unrelated",1
"984","55","NE","54","constituent",1
"985","55","NE","58","unrelated",1
"986","55","NE","87","nonconstituent",1
"987","55","NE","92","nonconstituent",1
"988","55","NE","103","constituent",1
"989","55","NE","111","constituent",1
"990","55","NE","120","nonconstituent",1
"991","56","NE","4","nonconstituent",1
"992","56","NE","6","unrelated",1
"993","56","NE","11","nonconstituent",1
"994","56","NE","15","unrelated",0
"995","56","NE","20","constituent",1
"996","56","NE","22","unrelated",1
"997","56","NE","25","unrelated",1
"998","56","NE","34","constituent",1
"999","56","NE","40","constituent",1
"1000","56","NE","44","nonconstituent",1
"1001","56","NE","50","unrelated",0
"1002","56","NE","54","constituent",1
"1003","56","NE","58","unrelated",1
"1004","56","NE","87","nonconstituent",1
"1005","56","NE","92","nonconstituent",1
"1006","56","NE","103","constituent",1
"1007","56","NE","111","constituent",1
"1008","56","NE","120","nonconstituent",1
"1009","57","NE","4","constituent",0
"1010","57","NE","6","nonconstituent",1
"1011","57","NE","11","constituent",1
"1012","57","NE","15","nonconstituent",1
"1013","57","NE","20","unrelated",1
"1014","57","NE","22","nonconstituent",1
"1015","57","NE","25","nonconstituent",1
"1016","57","NE","34","unrelated",1
"1017","57","NE","40","unrelated",1
"1018","57","NE","44","constituent",1
"1019","57","NE","50","nonconstituent",1
"1020","57","NE","54","unrelated",1
"1021","57","NE","58","nonconstituent",1
"1022","57","NE","87","constituent",1
"1023","57","NE","92","constituent",1
"1024","57","NE","103","unrelated",1
"1025","57","NE","111","unrelated",1
"1026","57","NE","120","constituent",1
"1027","58","NE","4","constituent",0
"1028","58","NE","6","nonconstituent",1
"1029","58","NE","11","constituent",1
"1030","58","NE","15","nonconstituent",1
"1031","58","NE","20","unrelated",0
"1032","58","NE","22","nonconstituent",1
"1033","58","NE","25","nonconstituent",1
"1034","58","NE","34","unrelated",1
"1035","58","NE","40","unrelated",0
"1036","58","NE","44","constituent",1
"1037","58","NE","50","nonconstituent",1
"1038","58","NE","54","unrelated",1
"1039","58","NE","58","nonconstituent",1
"1040","58","NE","87","constituent",1
"1041","58","NE","92","constituent",0
"1042","58","NE","103","unrelated",1
"1043","58","NE","111","unrelated",0
"1044","58","NE","120","constituent",0
"1045","59","NE","6","nonconstituent",0
"1046","59","NE","8","constituent",1
"1047","59","NE","11","constituent",1
"1048","59","NE","15","nonconstituent",1
"1049","59","NE","20","unrelated",1
"1050","59","NE","22","nonconstituent",1
"1051","59","NE","25","nonconstituent",1
"1052","59","NE","34","unrelated",1
"1053","59","NE","40","unrelated",1
"1054","59","NE","44","constituent",1
"1055","59","NE","50","nonconstituent",1
"1056","59","NE","54","unrelated",0
"1057","59","NE","58","nonconstituent",1
"1058","59","NE","87","constituent",1
"1059","59","NE","92","constituent",1
"1060","59","NE","103","unrelated",1
"1061","59","NE","111","unrelated",1
"1062","59","NE","120","constituent",1
"1063","60","NE","6","constituent",1
"1064","60","NE","8","unrelated",1
"1065","60","NE","11","unrelated",1
"1066","60","NE","15","constituent",1
"1067","60","NE","20","nonconstituent",1
"1068","60","NE","22","constituent",1
"1069","60","NE","25","constituent",1
"1070","60","NE","34","nonconstituent",1
"1071","60","NE","40","nonconstituent",1
"1072","60","NE","44","unrelated",1
"1073","60","NE","50","constituent",1
"1074","60","NE","54","nonconstituent",1
"1075","60","NE","58","constituent",1
"1076","60","NE","87","unrelated",1
"1077","60","NE","92","unrelated",1
"1078","60","NE","103","nonconstituent",1
"1079","60","NE","111","nonconstituent",1
"1080","60","NE","120","unrelated",1
"1081","61","NE","6","nonconstituent",1
"1082","61","NE","8","constituent",1
"1083","61","NE","11","constituent",1
"1084","61","NE","15","nonconstituent",1
"1085","61","NE","20","unrelated",1
"1086","61","NE","22","nonconstituent",1
"1087","61","NE","25","nonconstituent",1
"1088","61","NE","34","unrelated",1
"1089","61","NE","40","unrelated",1
"1090","61","NE","44","constituent",1
"1091","61","NE","50","nonconstituent",1
"1092","61","NE","54","unrelated",1
"1093","61","NE","58","nonconstituent",1
"1094","61","NE","87","constituent",1
"1095","61","NE","92","constituent",1
"1096","61","NE","103","unrelated",1
"1097","61","NE","111","unrelated",0
"1098","61","NE","120","constituent",1
"1099","62","NE","4","unrelated",1
"1100","62","NE","6","constituent",1
"1101","62","NE","11","unrelated",1
"1102","62","NE","15","constituent",1
"1103","62","NE","20","nonconstituent",1
"1104","62","NE","22","constituent",1
"1105","62","NE","25","constituent",1
"1106","62","NE","34","nonconstituent",1
"1107","62","NE","40","nonconstituent",1
"1108","62","NE","44","unrelated",1
"1109","62","NE","50","constituent",1
"1110","62","NE","54","nonconstituent",1
"1111","62","NE","58","constituent",1
"1112","62","NE","87","unrelated",1
"1113","62","NE","92","unrelated",1
"1114","62","NE","103","nonconstituent",1
"1115","62","NE","111","nonconstituent",1
"1116","62","NE","120","unrelated",1
"1117","63","NE","4","nonconstituent",1
"1118","63","NE","6","unrelated",1
"1119","63","NE","11","nonconstituent",1
"1120","63","NE","15","unrelated",1
"1121","63","NE","20","constituent",1
"1122","63","NE","22","unrelated",1
"1123","63","NE","25","unrelated",1
"1124","63","NE","34","constituent",1
"1125","63","NE","40","constituent",1
"1126","63","NE","44","nonconstituent",1
"1127","63","NE","50","unrelated",1
"1128","63","NE","54","constituent",1
"1129","63","NE","58","unrelated",1
"1130","63","NE","87","nonconstituent",1
"1131","63","NE","92","nonconstituent",1
"1132","63","NE","103","constituent",1
"1133","63","NE","111","constituent",1
"1134","63","NE","120","nonconstituent",1
"1135","64","NE","4","constituent",1
"1136","64","NE","6","nonconstituent",1
"1137","64","NE","11","constituent",1
"1138","64","NE","15","nonconstituent",1
"1139","64","NE","20","unrelated",1
"1140","64","NE","22","nonconstituent",1
"1141","64","NE","25","nonconstituent",1
"1142","64","NE","34","unrelated",1
"1143","64","NE","40","unrelated",1
"1144","64","NE","44","constituent",1
"1145","64","NE","50","nonconstituent",1
"1146","64","NE","54","unrelated",1
"1147","64","NE","58","nonconstituent",1
"1148","64","NE","87","constituent",1
"1149","64","NE","92","constituent",1
"1150","64","NE","103","unrelated",1
"1151","64","NE","111","unrelated",1
"1152","64","NE","120","constituent",1
"1153","65","NE","4","constituent",0
"1154","65","NE","6","nonconstituent",1
"1155","65","NE","11","constituent",1
"1156","65","NE","15","nonconstituent",1
"1157","65","NE","20","unrelated",1
"1158","65","NE","22","nonconstituent",1
"1159","65","NE","25","nonconstituent",1
"1160","65","NE","34","unrelated",1
"1161","65","NE","40","unrelated",1
"1162","65","NE","44","constituent",1
"1163","65","NE","50","nonconstituent",1
"1164","65","NE","54","unrelated",1
"1165","65","NE","58","nonconstituent",1
"1166","65","NE","87","constituent",1
"1167","65","NE","92","constituent",1
"1168","65","NE","103","unrelated",1
"1169","65","NE","111","unrelated",1
"1170","65","NE","120","constituent",1
"1171","66","NE","4","nonconstituent",1
"1172","66","NE","6","unrelated",1
"1173","66","NE","11","nonconstituent",1
"1174","66","NE","15","unrelated",0
"1175","66","NE","20","constituent",1
"1176","66","NE","22","unrelated",0
"1177","66","NE","25","unrelated",1
"1178","66","NE","34","constituent",1
"1179","66","NE","40","constituent",1
"1180","66","NE","44","nonconstituent",1
"1181","66","NE","50","unrelated",1
"1182","66","NE","54","constituent",1
"1183","66","NE","58","unrelated",1
"1184","66","NE","87","nonconstituent",1
"1185","66","NE","92","nonconstituent",1
"1186","66","NE","103","constituent",1
"1187","66","NE","111","constituent",1
"1188","66","NE","120","nonconstituent",1
"1189","67","NE","4","unrelated",1
"1190","67","NE","6","constituent",1
"1191","67","NE","11","unrelated",1
"1192","67","NE","15","constituent",1
"1193","67","NE","20","nonconstituent",1
"1194","67","NE","22","constituent",1
"1195","67","NE","25","constituent",1
"1196","67","NE","34","nonconstituent",1
"1197","67","NE","40","nonconstituent",1
"1198","67","NE","44","unrelated",1
"1199","67","NE","50","constituent",1
"1200","67","NE","54","nonconstituent",1
"1201","67","NE","58","constituent",1
"1202","67","NE","87","unrelated",1
"1203","67","NE","92","unrelated",1
"1204","67","NE","103","nonconstituent",1
"1205","67","NE","111","nonconstituent",1
"1206","67","NE","120","unrelated",1
"1207","68","NE","4","nonconstituent",1
"1208","68","NE","6","unrelated",1
"1209","68","NE","11","nonconstituent",1
"1210","68","NE","15","unrelated",1
"1211","68","NE","20","constituent",1
"1212","68","NE","22","unrelated",1
"1213","68","NE","25","unrelated",1
"1214","68","NE","34","constituent",1
"1215","68","NE","40","constituent",1
"1216","68","NE","44","nonconstituent",1
"1217","68","NE","50","unrelated",1
"1218","68","NE","54","constituent",1
"1219","68","NE","58","unrelated",1
"1220","68","NE","87","nonconstituent",1
"1221","68","NE","92","nonconstituent",1
"1222","68","NE","103","constituent",1
"1223","68","NE","111","constituent",1
"1224","68","NE","120","nonconstituent",1
"1225","69","NE","4","unrelated",0
"1226","69","NE","6","constituent",1
"1227","69","NE","11","unrelated",0
"1228","69","NE","15","constituent",1
"1229","69","NE","20","nonconstituent",1
"1230","69","NE","22","constituent",1
"1231","69","NE","25","constituent",1
"1232","69","NE","34","nonconstituent",0
"1233","69","NE","40","nonconstituent",0
"1234","69","NE","44","unrelated",1
"1235","69","NE","50","constituent",1
"1236","69","NE","54","nonconstituent",1
"1237","69","NE","58","constituent",1
"1238","69","NE","87","unrelated",1
"1239","69","NE","92","unrelated",1
"1240","69","NE","103","nonconstituent",1
"1241","69","NE","111","nonconstituent",1
"1242","69","NE","120","unrelated",0
"1243","70","NE","4","constituent",0
"1244","70","NE","6","nonconstituent",1
"1245","70","NE","11","constituent",1
"1246","70","NE","15","nonconstituent",1
"1247","70","NE","20","unrelated",1
"1248","70","NE","22","nonconstituent",1
"1249","70","NE","25","nonconstituent",1
"1250","70","NE","34","unrelated",1
"1251","70","NE","40","unrelated",1
"1252","70","NE","44","constituent",1
"1253","70","NE","50","nonconstituent",1
"1254","70","NE","54","unrelated",1
"1255","70","NE","58","nonconstituent",1
"1256","70","NE","87","constituent",1
"1257","70","NE","92","constituent",1
"1258","70","NE","103","unrelated",0
"1259","70","NE","111","unrelated",1
"1260","70","NE","120","constituent",1
"1261","71","NE","4","nonconstituent",0
"1262","71","NE","6","unrelated",1
"1263","71","NE","11","nonconstituent",1
"1264","71","NE","15","unrelated",1
"1265","71","NE","20","constituent",1
"1266","71","NE","22","unrelated",1
"1267","71","NE","25","unrelated",1
"1268","71","NE","34","constituent",1
"1269","71","NE","40","constituent",1
"1270","71","NE","44","nonconstituent",1
"1271","71","NE","50","unrelated",0
"1272","71","NE","54","constituent",1
"1273","71","NE","58","unrelated",1
"1274","71","NE","87","nonconstituent",1
"1275","71","NE","92","nonconstituent",1
"1276","71","NE","103","constituent",1
"1277","71","NE","111","constituent",1
"1278","71","NE","120","nonconstituent",1
"1279","72","NE","4","unrelated",1
"1280","72","NE","6","constituent",1
"1281","72","NE","11","unrelated",1
"1282","72","NE","15","constituent",1
"1283","72","NE","20","nonconstituent",1
"1284","72","NE","22","constituent",1
"1285","72","NE","25","constituent",1
"1286","72","NE","34","nonconstituent",1
"1287","72","NE","40","nonconstituent",1
"1288","72","NE","44","unrelated",1
"1289","72","NE","50","constituent",1
"1290","72","NE","54","nonconstituent",1
"1291","72","NE","58","constituent",1
"1292","72","NE","87","unrelated",1
"1293","72","NE","92","unrelated",1
"1294","72","NE","103","nonconstituent",1
"1295","72","NE","111","nonconstituent",1
"1296","72","NE","120","unrelated",1
"1297","73","NE","4","unrelated",1
"1298","73","NE","6","constituent",1
"1299","73","NE","11","unrelated",1
"1300","73","NE","15","constituent",1
"1301","73","NE","20","nonconstituent",1
"1302","73","NE","22","constituent",1
"1303","73","NE","25","constituent",1
"1304","73","NE","34","nonconstituent",1
"1305","73","NE","40","nonconstituent",1
"1306","73","NE","44","unrelated",1
"1307","73","NE","50","constituent",1
"1308","73","NE","54","nonconstituent",1
"1309","73","NE","58","constituent",1
"1310","73","NE","87","unrelated",1
"1311","73","NE","92","unrelated",1
"1312","73","NE","103","nonconstituent",1
"1313","73","NE","111","nonconstituent",1
"1314","73","NE","120","unrelated",1
"1315","74","NE","4","nonconstituent",0
"1316","74","NE","6","unrelated",1
"1317","74","NE","11","nonconstituent",1
"1318","74","NE","15","unrelated",1
"1319","74","NE","20","constituent",1
"1320","74","NE","22","unrelated",1
"1321","74","NE","25","unrelated",1
"1322","74","NE","34","constituent",1
"1323","74","NE","40","constituent",1
"1324","74","NE","44","nonconstituent",1
"1325","74","NE","50","unrelated",1
"1326","74","NE","54","constituent",1
"1327","74","NE","58","unrelated",1
"1328","74","NE","87","nonconstituent",1
"1329","74","NE","92","nonconstituent",1
"1330","74","NE","103","constituent",1
"1331","74","NE","111","constituent",1
"1332","74","NE","120","nonconstituent",1
"1333","75","NE","4","unrelated",1
"1334","75","NE","6","constituent",1
"1335","75","NE","11","unrelated",1
"1336","75","NE","15","constituent",1
"1337","75","NE","20","nonconstituent",1
"1338","75","NE","22","constituent",1
"1339","75","NE","25","constituent",1
"1340","75","NE","34","nonconstituent",1
"1341","75","NE","40","nonconstituent",1
"1342","75","NE","44","unrelated",1
"1343","75","NE","50","constituent",1
"1344","75","NE","54","nonconstituent",1
"1345","75","NE","58","constituent",1
"1346","75","NE","87","unrelated",1
"1347","75","NE","92","unrelated",1
"1348","75","NE","103","nonconstituent",1
"1349","75","NE","111","nonconstituent",1
"1350","75","NE","120","unrelated",1
"1351","76","NE","4","unrelated",1
"1352","76","NE","6","constituent",1
"1353","76","NE","11","unrelated",1
"1354","76","NE","15","constituent",1
"1355","76","NE","20","nonconstituent",1
"1356","76","NE","22","constituent",1
"1357","76","NE","25","constituent",1
"1358","76","NE","34","nonconstituent",1
"1359","76","NE","40","nonconstituent",1
"1360","76","NE","44","unrelated",1
"1361","76","NE","50","constituent",1
"1362","76","NE","54","nonconstituent",1
"1363","76","NE","58","constituent",1
"1364","76","NE","87","unrelated",1
"1365","76","NE","92","unrelated",1
"1366","76","NE","103","nonconstituent",1
"1367","76","NE","111","nonconstituent",1
"1368","76","NE","120","unrelated",1
"1369","77","NE","4","nonconstituent",1
"1370","77","NE","6","unrelated",1
"1371","77","NE","11","nonconstituent",1
"1372","77","NE","15","unrelated",1
"1373","77","NE","20","constituent",1
"1374","77","NE","22","unrelated",1
"1375","77","NE","25","unrelated",1
"1376","77","NE","34","constituent",1
"1377","77","NE","40","constituent",1
"1378","77","NE","44","nonconstituent",1
"1379","77","NE","50","unrelated",1
"1380","77","NE","54","constituent",1
"1381","77","NE","58","unrelated",1
"1382","77","NE","87","nonconstituent",1
"1383","77","NE","92","nonconstituent",1
"1384","77","NE","103","constituent",1
"1385","77","NE","111","constituent",1
"1386","77","NE","120","nonconstituent",1
"1387","78","NE","4","nonconstituent",1
"1388","78","NE","6","unrelated",1
"1389","78","NE","11","nonconstituent",1
"1390","78","NE","15","unrelated",1
"1391","78","NE","20","constituent",1
"1392","78","NE","22","unrelated",1
"1393","78","NE","25","unrelated",1
"1394","78","NE","34","constituent",1
"1395","78","NE","40","constituent",1
"1396","78","NE","44","nonconstituent",1
"1397","78","NE","50","unrelated",1
"1398","78","NE","54","constituent",1
"1399","78","NE","58","unrelated",1
"1400","78","NE","87","nonconstituent",1
"1401","78","NE","92","nonconstituent",1
"1402","78","NE","103","constituent",1
"1403","78","NE","111","constituent",1
"1404","78","NE","120","nonconstituent",1
