,Participant,Group,Item,Prime_type,RT
1,1,CE,4,unrelated,1786
2,1,CE,6,constituent,1410
3,1,CE,11,unrelated,1220
4,1,CE,15,constituent,1349
5,1,CE,20,nonconstituent,1161
6,1,CE,22,constituent,1251
7,1,CE,25,constituent,842
8,1,CE,34,nonconstituent,1243
9,1,CE,40,nonconstituent,1269
10,1,CE,44,unrelated,1167
11,1,CE,50,constituent,853
12,1,CE,54,nonconstituent,1084
13,1,CE,58,constituent,1121
14,1,CE,87,unrelated,1020
15,1,CE,92,unrelated,1305
16,1,CE,103,nonconstituent,715
17,1,CE,111,nonconstituent,1303
18,1,CE,120,unrelated,1296
19,2,CE,4,nonconstituent,1814.8
20,2,CE,11,nonconstituent,1468.6
21,2,CE,22,unrelated,1030.3
22,2,CE,34,constituent,1012.7
23,2,CE,40,constituent,1169.9
24,2,CE,44,nonconstituent,751.3
25,2,CE,50,unrelated,1116.5
26,2,CE,54,constituent,857.4
27,2,CE,58,unrelated,1487.5
28,2,CE,87,nonconstituent,1467.8
29,2,CE,92,nonconstituent,1571.4
30,2,CE,103,constituent,1151.8
31,2,CE,120,nonconstituent,830.5
32,3,CE,4,constituent,834.2
33,3,CE,6,nonconstituent,704.8
34,3,CE,11,constituent,723
35,3,CE,15,nonconstituent,745
36,3,CE,22,nonconstituent,684.8
37,3,CE,25,nonconstituent,984.2
38,3,CE,34,unrelated,850.9
39,3,CE,44,constituent,867.4
40,3,CE,50,nonconstituent,784.9
41,3,CE,58,nonconstituent,756.6
42,3,CE,87,constituent,900.9
43,3,CE,92,constituent,773.8
44,3,CE,111,unrelated,1050.9
45,3,CE,120,constituent,601.6
46,4,CE,6,unrelated,1382.9
47,4,CE,11,nonconstituent,1195.7
48,4,CE,15,unrelated,1459
49,4,CE,20,constituent,1340.3
50,4,CE,22,unrelated,1207.7
51,4,CE,25,unrelated,1136.7
52,4,CE,34,constituent,894
53,4,CE,40,constituent,1024.9
54,4,CE,44,nonconstituent,1453.3
55,4,CE,54,constituent,1014.3
56,4,CE,58,unrelated,680.7
57,4,CE,87,nonconstituent,822.9
58,4,CE,92,nonconstituent,973.9
59,4,CE,103,constituent,865.4
60,4,CE,111,constituent,682.8
61,4,CE,120,nonconstituent,585.6
62,5,CE,4,nonconstituent,900.9
63,5,CE,11,nonconstituent,834.5
64,5,CE,20,constituent,788.1
65,5,CE,22,unrelated,805.7
66,5,CE,25,unrelated,930.1
67,5,CE,34,constituent,568.6
68,5,CE,40,constituent,601.3
69,5,CE,44,nonconstituent,501.1
70,5,CE,54,constituent,584.1
71,5,CE,58,unrelated,750.5
72,5,CE,87,nonconstituent,583.8
73,5,CE,92,nonconstituent,803.5
74,5,CE,103,constituent,768.9
75,5,CE,111,constituent,768.5
76,5,CE,120,nonconstituent,418.3
77,6,CE,4,constituent,1504.9
78,6,CE,6,nonconstituent,1542.2
79,6,CE,11,constituent,1637.8
80,6,CE,15,nonconstituent,1705.4
81,6,CE,20,unrelated,1246
82,6,CE,22,nonconstituent,1330.7
83,6,CE,25,nonconstituent,1504.9
84,6,CE,44,constituent,1314.5
85,6,CE,50,nonconstituent,1084
86,6,CE,58,nonconstituent,1118.6
87,6,CE,92,constituent,1067.2
88,6,CE,111,unrelated,1065.3
89,6,CE,120,constituent,1202.9
90,7,CE,4,unrelated,896.7
91,7,CE,6,constituent,670.5
92,7,CE,15,constituent,838.1
93,7,CE,20,nonconstituent,799.9
94,7,CE,22,constituent,863.4
95,7,CE,25,constituent,580.9
96,7,CE,34,nonconstituent,698.1
97,7,CE,40,nonconstituent,668.4
98,7,CE,44,unrelated,815.4
99,7,CE,50,constituent,648.5
100,7,CE,54,nonconstituent,523.2
101,7,CE,58,constituent,500
102,7,CE,87,unrelated,783.2
103,7,CE,92,unrelated,916.6
104,7,CE,103,nonconstituent,769.9
105,7,CE,111,nonconstituent,698.6
106,7,CE,120,unrelated,1032.5
107,8,CE,4,constituent,700.2
108,8,CE,6,nonconstituent,856.1
109,8,CE,11,constituent,783.1
110,8,CE,15,nonconstituent,665.9
111,8,CE,20,unrelated,701.7
112,8,CE,22,nonconstituent,511.1
113,8,CE,25,nonconstituent,600.2
114,8,CE,34,unrelated,1233
115,8,CE,40,unrelated,749.9
116,8,CE,44,constituent,668.4
117,8,CE,50,nonconstituent,667
118,8,CE,54,unrelated,782.3
119,8,CE,58,nonconstituent,660
120,8,CE,87,constituent,716.5
121,8,CE,92,constituent,832.8
122,8,CE,103,unrelated,733.1
123,8,CE,111,unrelated,1065.2
124,8,CE,120,constituent,716.1
125,9,CE,4,nonconstituent,1394.2
126,9,CE,6,unrelated,1234.3
127,9,CE,11,nonconstituent,1275.5
128,9,CE,15,unrelated,1399.6
129,9,CE,22,unrelated,1401.6
130,9,CE,34,constituent,1143.5
131,9,CE,40,constituent,1662
132,9,CE,44,nonconstituent,1015.1
133,9,CE,50,unrelated,1180.4
134,9,CE,54,constituent,870.6
135,9,CE,58,unrelated,1174
136,9,CE,87,nonconstituent,912.4
137,9,CE,92,nonconstituent,810.8
138,9,CE,103,constituent,873.5
139,9,CE,111,constituent,1023.5
140,9,CE,120,nonconstituent,1077.9
141,10,CE,6,constituent,1187.7
142,10,CE,20,nonconstituent,816.6
143,10,CE,22,constituent,749.2
144,10,CE,34,nonconstituent,966.9
145,10,CE,40,nonconstituent,795.8
146,10,CE,50,constituent,802.7
147,10,CE,54,nonconstituent,767
148,10,CE,58,constituent,1083.2
149,10,CE,87,unrelated,1086
150,10,CE,103,nonconstituent,944.2
151,10,CE,111,nonconstituent,933.1
152,11,CE,4,constituent,888.9
153,11,CE,15,nonconstituent,906
154,11,CE,22,nonconstituent,734.4
155,11,CE,34,unrelated,753.1
156,11,CE,44,constituent,970.7
157,11,CE,50,nonconstituent,834.5
158,11,CE,58,nonconstituent,868.9
159,11,CE,87,constituent,817.8
160,11,CE,92,constituent,976.1
161,11,CE,111,unrelated,734.9
162,11,CE,120,constituent,721.6
163,12,CE,4,nonconstituent,1181.9
164,12,CE,6,unrelated,1157.1
165,12,CE,11,nonconstituent,1035.5
166,12,CE,20,constituent,1105.1
167,12,CE,25,unrelated,1115.9
168,12,CE,34,constituent,851.9
169,12,CE,40,constituent,1333.8
170,12,CE,44,nonconstituent,999.7
171,12,CE,54,constituent,1001.1
172,12,CE,58,unrelated,1339.7
173,12,CE,87,nonconstituent,783.8
174,12,CE,92,nonconstituent,918.7
175,12,CE,103,constituent,851.8
176,12,CE,111,constituent,1031.5
177,12,CE,120,nonconstituent,963.2
178,13,CE,4,constituent,1292.7
179,13,CE,6,nonconstituent,1234.5
180,13,CE,11,constituent,1127.4
181,13,CE,22,nonconstituent,1184.1
182,13,CE,25,nonconstituent,1347.4
183,13,CE,50,nonconstituent,1217.3
184,13,CE,54,unrelated,1567.6
185,13,CE,87,constituent,1484.4
186,13,CE,92,constituent,1447.1
187,13,CE,103,unrelated,1505.8
188,13,CE,111,unrelated,1398.8
189,13,CE,120,constituent,944.9
190,14,CE,4,unrelated,964
191,14,CE,6,constituent,814
192,14,CE,11,unrelated,833
193,14,CE,15,constituent,931
194,14,CE,20,nonconstituent,851
195,14,CE,22,constituent,974
196,14,CE,25,constituent,716
197,14,CE,34,nonconstituent,942
198,14,CE,40,nonconstituent,593
199,14,CE,44,unrelated,894
200,14,CE,50,constituent,657
201,14,CE,54,nonconstituent,724
202,14,CE,58,constituent,803
203,14,CE,87,unrelated,836
204,14,CE,92,unrelated,826
205,14,CE,103,nonconstituent,816
206,14,CE,111,nonconstituent,889
207,14,CE,120,unrelated,1111
208,15,CE,4,constituent,638.4
209,15,CE,6,nonconstituent,560.7
210,15,CE,11,constituent,634
211,15,CE,15,nonconstituent,635.1
212,15,CE,20,unrelated,794
213,15,CE,22,nonconstituent,680.3
214,15,CE,34,unrelated,790
215,15,CE,40,unrelated,1042.7
216,15,CE,44,constituent,700.9
217,15,CE,50,nonconstituent,701
218,15,CE,54,unrelated,1035.6
219,15,CE,58,nonconstituent,658.9
220,15,CE,87,constituent,669.6
221,15,CE,92,constituent,584.9
222,15,CE,103,unrelated,740.2
223,15,CE,111,unrelated,788.1
224,15,CE,120,constituent,618.1
225,16,CE,6,constituent,1719.5
226,16,CE,15,constituent,1334.5
227,16,CE,22,constituent,1700.3
228,16,CE,25,constituent,1599.7
229,16,CE,34,nonconstituent,1768.1
230,16,CE,50,constituent,1108.1
231,16,CE,54,nonconstituent,1667.9
232,16,CE,58,constituent,1019.9
233,16,CE,87,unrelated,1877.1
234,16,CE,92,unrelated,1667.9
235,16,CE,103,nonconstituent,1060.5
236,16,CE,120,unrelated,1435.7
237,17,CE,4,unrelated,935
238,17,CE,6,constituent,701.5
239,17,CE,11,unrelated,810.2
240,17,CE,15,constituent,1055.4
241,17,CE,20,nonconstituent,681.4
242,17,CE,25,constituent,726.8
243,17,CE,34,nonconstituent,601.5
244,17,CE,40,nonconstituent,855
245,17,CE,44,unrelated,1002.7
246,17,CE,50,constituent,531
247,17,CE,58,constituent,704.5
248,17,CE,87,unrelated,941.8
249,17,CE,92,unrelated,833.2
250,17,CE,111,nonconstituent,799.3
251,17,CE,120,unrelated,663.4
252,18,CE,4,constituent,613.5
253,18,CE,6,nonconstituent,612.6
254,18,CE,11,constituent,715.9
255,18,CE,15,nonconstituent,753.3
256,18,CE,20,unrelated,793.5
257,18,CE,22,nonconstituent,730.5
258,18,CE,25,nonconstituent,813.2
259,18,CE,34,unrelated,717
260,18,CE,40,unrelated,753.5
261,18,CE,44,constituent,797
262,18,CE,50,nonconstituent,587
263,18,CE,54,unrelated,633
264,18,CE,58,nonconstituent,632
265,18,CE,87,constituent,653.5
266,18,CE,92,constituent,632.7
267,18,CE,103,unrelated,765.6
268,18,CE,111,unrelated,921.8
269,18,CE,120,constituent,538.5
270,19,CE,4,nonconstituent,1677
271,19,CE,6,unrelated,1863.7
272,19,CE,11,nonconstituent,1383.6
273,19,CE,22,unrelated,1848
274,19,CE,34,constituent,1298.6
275,19,CE,40,constituent,1300.7
276,19,CE,44,nonconstituent,916.2
277,19,CE,54,constituent,1681.9
278,19,CE,87,nonconstituent,1269.3
279,19,CE,92,nonconstituent,1605.3
280,19,CE,103,constituent,915.5
281,19,CE,111,constituent,1114.2
282,19,CE,120,nonconstituent,755.1
283,20,CE,4,unrelated,1167.4
284,20,CE,6,constituent,974
285,20,CE,11,unrelated,1551.6
286,20,CE,20,nonconstituent,1301.3
287,20,CE,22,constituent,1684.7
288,20,CE,25,constituent,1460.1
289,20,CE,40,nonconstituent,1100.7
290,20,CE,44,unrelated,1606.8
291,20,CE,50,constituent,1476.1
292,20,CE,54,nonconstituent,1055.8
293,20,CE,58,constituent,635.6
294,20,CE,87,unrelated,1856.5
295,20,CE,103,nonconstituent,1104.6
296,20,CE,111,nonconstituent,1560.9
297,20,CE,120,unrelated,1958.1
298,21,CE,4,nonconstituent,1185.3
299,21,CE,6,unrelated,1019.3
300,21,CE,11,nonconstituent,762.6
301,21,CE,15,unrelated,1321.9
302,21,CE,20,constituent,899.5
303,21,CE,22,unrelated,1113.8
304,21,CE,25,unrelated,998.5
305,21,CE,34,constituent,708.2
306,21,CE,40,constituent,863.1
307,21,CE,44,nonconstituent,872.4
308,21,CE,50,unrelated,1052.8
309,21,CE,54,constituent,988.6
310,21,CE,58,unrelated,896.4
311,21,CE,87,nonconstituent,1039.7
312,21,CE,92,nonconstituent,936.5
313,21,CE,103,constituent,953.8
314,21,CE,111,constituent,1545.9
315,21,CE,120,nonconstituent,963.3
316,22,CE,6,constituent,1211.1
317,22,CE,15,constituent,1388.4
318,22,CE,20,nonconstituent,970
319,22,CE,22,constituent,1364.7
320,22,CE,25,constituent,1193.7
321,22,CE,44,unrelated,965.5
322,22,CE,50,constituent,622.5
323,22,CE,54,nonconstituent,920.6
324,22,CE,58,constituent,1103.9
325,22,CE,87,unrelated,1591.8
326,22,CE,92,unrelated,756.4
327,22,CE,103,nonconstituent,905
328,22,CE,111,nonconstituent,1726
329,23,CE,6,unrelated,927.2
330,23,CE,8,nonconstituent,822.3
331,23,CE,11,nonconstituent,1008.9
332,23,CE,15,unrelated,1117.8
333,23,CE,20,constituent,917.5
334,23,CE,25,unrelated,1218.4
335,23,CE,34,constituent,959.1
336,23,CE,40,constituent,944.1
337,23,CE,44,nonconstituent,827.8
338,23,CE,50,unrelated,1014.8
339,23,CE,54,constituent,718.8
340,23,CE,58,unrelated,1149.4
341,23,CE,87,nonconstituent,804.2
342,23,CE,92,nonconstituent,782.3
343,23,CE,103,constituent,1022.9
344,23,CE,111,constituent,782
345,23,CE,120,nonconstituent,915.1
346,24,CE,6,constituent,1283
347,24,CE,8,unrelated,1212
348,24,CE,11,unrelated,1435
349,24,CE,15,constituent,1663
350,24,CE,20,nonconstituent,1418
351,24,CE,22,constituent,1628
352,24,CE,25,constituent,1877
353,24,CE,34,nonconstituent,1532
354,24,CE,40,nonconstituent,1240
355,24,CE,50,constituent,1065
356,24,CE,54,nonconstituent,1248
357,24,CE,58,constituent,1002
358,24,CE,87,unrelated,1487
359,24,CE,92,unrelated,1525
360,24,CE,103,nonconstituent,1322
361,24,CE,111,nonconstituent,1674
362,24,CE,120,unrelated,1532
363,25,CE,6,constituent,949.2
364,25,CE,8,unrelated,1131
365,25,CE,20,nonconstituent,849.4
366,25,CE,22,constituent,703.5
367,25,CE,25,constituent,665.1
368,25,CE,34,nonconstituent,783.2
369,25,CE,40,nonconstituent,826
370,25,CE,44,unrelated,766.9
371,25,CE,50,constituent,894.7
372,25,CE,54,nonconstituent,770.9
373,25,CE,58,constituent,751.7
374,25,CE,87,unrelated,1000.6
375,25,CE,103,nonconstituent,621.2
376,25,CE,111,nonconstituent,918
377,25,CE,120,unrelated,950.8
378,26,CE,6,nonconstituent,1200.7
379,26,CE,8,constituent,1017.6
380,26,CE,11,constituent,868
381,26,CE,20,unrelated,1407.1
382,26,CE,22,nonconstituent,884.6
383,26,CE,25,nonconstituent,791.6
384,26,CE,34,unrelated,1368.4
385,26,CE,40,unrelated,836.4
386,26,CE,44,constituent,1104.7
387,26,CE,50,nonconstituent,884.5
388,26,CE,58,nonconstituent,923.5
389,26,CE,103,unrelated,1285.3
390,26,CE,111,unrelated,751.4
391,26,CE,120,constituent,872
392,27,CE,6,constituent,1302.4
393,27,CE,15,constituent,1112.4
394,27,CE,20,nonconstituent,996.5
395,27,CE,22,constituent,1561.7
396,27,CE,25,constituent,1235.1
397,27,CE,34,nonconstituent,1206.9
398,27,CE,40,nonconstituent,1071.5
399,27,CE,44,unrelated,1762.3
400,27,CE,50,constituent,1221.1
401,27,CE,54,nonconstituent,1211.1
402,27,CE,58,constituent,1262
403,27,CE,87,unrelated,1935.9
404,27,CE,92,unrelated,1708.2
405,27,CE,103,nonconstituent,1033.7
406,27,CE,111,nonconstituent,1087
407,27,CE,120,unrelated,1766.9
408,28,CE,4,constituent,692
409,28,CE,6,nonconstituent,588.5
410,28,CE,11,constituent,674.6
411,28,CE,15,nonconstituent,663.1
412,28,CE,20,unrelated,890.5
413,28,CE,22,nonconstituent,664.2
414,28,CE,34,unrelated,1027.4
415,28,CE,40,unrelated,998.5
416,28,CE,44,constituent,639.1
417,28,CE,50,nonconstituent,614.7
418,28,CE,54,unrelated,817.3
419,28,CE,58,nonconstituent,691.9
420,28,CE,87,constituent,625.9
421,28,CE,92,constituent,686.6
422,28,CE,103,unrelated,949.9
423,28,CE,111,unrelated,883.7
424,28,CE,120,constituent,690.3
425,29,CE,4,unrelated,410.5
426,29,CE,6,constituent,722.3
427,29,CE,15,constituent,788.2
428,29,CE,20,nonconstituent,789.5
429,29,CE,22,constituent,789.7
430,29,CE,25,constituent,700.5
431,29,CE,34,nonconstituent,642.2
432,29,CE,40,nonconstituent,694.5
433,29,CE,44,unrelated,794.3
434,29,CE,50,constituent,557.2
435,29,CE,54,nonconstituent,669.2
436,29,CE,58,constituent,886
437,29,CE,87,unrelated,790.8
438,29,CE,92,unrelated,977.5
439,29,CE,103,nonconstituent,817.4
440,29,CE,111,nonconstituent,800.8
441,29,CE,120,unrelated,644.4
442,30,CE,4,constituent,688.2
443,30,CE,6,nonconstituent,487.6
444,30,CE,11,constituent,768.8
445,30,CE,15,nonconstituent,883.7
446,30,CE,20,unrelated,474.3
447,30,CE,22,nonconstituent,561
448,30,CE,25,nonconstituent,812.3
449,30,CE,34,unrelated,621.9
450,30,CE,40,unrelated,840.5
451,30,CE,44,constituent,772.6
452,30,CE,50,nonconstituent,611
453,30,CE,54,unrelated,799.6
454,30,CE,58,nonconstituent,695.4
455,30,CE,87,constituent,731
456,30,CE,92,constituent,757.7
457,30,CE,103,unrelated,1055.3
458,30,CE,111,unrelated,873.2
459,30,CE,120,constituent,770
460,31,CE,4,nonconstituent,912.5
461,31,CE,6,unrelated,1089.2
462,31,CE,11,nonconstituent,1002.8
463,31,CE,20,constituent,986.2
464,31,CE,25,unrelated,1695.1
465,31,CE,34,constituent,901
466,31,CE,40,constituent,1212.8
467,31,CE,44,nonconstituent,998.3
468,31,CE,54,constituent,918.3
469,31,CE,58,unrelated,1195
470,31,CE,87,nonconstituent,942.3
471,31,CE,92,nonconstituent,885.5
472,31,CE,103,constituent,1094.6
473,31,CE,111,constituent,936
474,31,CE,120,nonconstituent,867.6
475,32,CE,4,constituent,1348
476,32,CE,6,nonconstituent,931.9
477,32,CE,11,constituent,1149.6
478,32,CE,22,nonconstituent,1165.7
479,32,CE,25,nonconstituent,1028.1
480,32,CE,50,nonconstituent,1258.7
481,32,CE,54,unrelated,1460.8
482,32,CE,87,constituent,1141.9
483,32,CE,92,constituent,1200.4
484,32,CE,103,unrelated,1068.9
485,32,CE,111,unrelated,1147.4
486,32,CE,120,constituent,1002.6
487,33,CE,4,unrelated,921.1
488,33,CE,6,constituent,1029.2
489,33,CE,11,unrelated,823.4
490,33,CE,15,constituent,770.2
491,33,CE,20,nonconstituent,681.6
492,33,CE,22,constituent,675.2
493,33,CE,25,constituent,957.5
494,33,CE,34,nonconstituent,838.4
495,33,CE,40,nonconstituent,911.5
496,33,CE,44,unrelated,970.7
497,33,CE,50,constituent,808.5
498,33,CE,54,nonconstituent,861.8
499,33,CE,58,constituent,691.1
500,33,CE,87,unrelated,1004.9
501,33,CE,92,unrelated,891.2
502,33,CE,103,nonconstituent,728.6
503,33,CE,111,nonconstituent,767.7
504,33,CE,120,unrelated,750
505,34,CE,4,constituent,692
506,34,CE,6,nonconstituent,588.5
507,34,CE,11,constituent,674.6
508,34,CE,15,nonconstituent,663.1
509,34,CE,20,unrelated,890.5
510,34,CE,22,nonconstituent,664.2
511,34,CE,34,unrelated,1027.4
512,34,CE,40,unrelated,998.5
513,34,CE,44,constituent,639.1
514,34,CE,50,nonconstituent,614.7
515,34,CE,54,unrelated,817.3
516,34,CE,58,nonconstituent,691.9
517,34,CE,87,constituent,625.9
518,34,CE,92,constituent,686.6
519,34,CE,103,unrelated,949.9
520,34,CE,111,unrelated,883.7
521,34,CE,120,constituent,690.3
522,35,CE,4,unrelated,986.4
523,35,CE,6,constituent,733.1
524,35,CE,11,unrelated,856.5
525,35,CE,15,constituent,490
526,35,CE,20,nonconstituent,504.7
527,35,CE,25,constituent,788.3
528,35,CE,34,nonconstituent,875.8
529,35,CE,40,nonconstituent,660.4
530,35,CE,44,unrelated,900.1
531,35,CE,50,constituent,861.6
532,35,CE,58,constituent,699.2
533,35,CE,87,unrelated,850.9
534,35,CE,92,unrelated,962
535,35,CE,111,nonconstituent,836.5
536,35,CE,120,unrelated,926.8
537,36,CE,4,unrelated,1144.8
538,36,CE,6,constituent,1459.9
539,36,CE,15,constituent,446.8
540,36,CE,20,nonconstituent,958.7
541,36,CE,22,constituent,603.3
542,36,CE,25,constituent,1129.1
543,36,CE,34,nonconstituent,536.4
544,36,CE,40,nonconstituent,873.2
545,36,CE,50,constituent,798.4
546,36,CE,54,nonconstituent,917.4
547,36,CE,58,constituent,777.4
548,36,CE,103,nonconstituent,806.1
549,36,CE,111,nonconstituent,1039.2
550,36,CE,120,unrelated,1162.8
551,37,CE,4,nonconstituent,824.2
552,37,CE,6,unrelated,1181
553,37,CE,11,nonconstituent,790.6
554,37,CE,15,unrelated,1276.4
555,37,CE,20,constituent,700.1
556,37,CE,22,unrelated,1573.6
557,37,CE,25,unrelated,1284
558,37,CE,34,constituent,539.5
559,37,CE,40,constituent,990
560,37,CE,44,nonconstituent,661.4
561,37,CE,50,unrelated,1027.4
562,37,CE,54,constituent,995
563,37,CE,58,unrelated,1221.7
564,37,CE,87,nonconstituent,921
565,37,CE,92,nonconstituent,570.5
566,37,CE,103,constituent,915.2
567,37,CE,111,constituent,716.2
568,37,CE,120,nonconstituent,503.7
569,38,CE,4,nonconstituent,718.5
570,38,CE,6,unrelated,1182.4
571,38,CE,11,nonconstituent,898.7
572,38,CE,15,unrelated,1371.9
573,38,CE,20,constituent,730.7
574,38,CE,25,unrelated,1331
575,38,CE,34,constituent,917.8
576,38,CE,40,constituent,727.8
577,38,CE,44,nonconstituent,770.8
578,38,CE,50,unrelated,1292.3
579,38,CE,54,constituent,874.6
580,38,CE,58,unrelated,1116.1
581,38,CE,87,nonconstituent,789.2
582,38,CE,92,nonconstituent,915.7
583,38,CE,103,constituent,818.4
584,38,CE,111,constituent,724.5
585,38,CE,120,nonconstituent,907.9
586,39,CE,4,constituent,1336.3
587,39,CE,6,nonconstituent,1171.6
588,39,CE,11,constituent,1524
589,39,CE,15,nonconstituent,1231.4
590,39,CE,20,unrelated,1499.9
591,39,CE,22,nonconstituent,1372.6
592,39,CE,25,nonconstituent,1602.9
593,39,CE,34,unrelated,1568.8
594,39,CE,40,unrelated,1645.2
595,39,CE,44,constituent,964.3
596,39,CE,50,nonconstituent,1149.8
597,39,CE,54,unrelated,1724.9
598,39,CE,58,nonconstituent,1146.1
599,39,CE,87,constituent,1004.6
600,39,CE,92,constituent,1326.2
601,39,CE,103,unrelated,1918.7
602,39,CE,120,constituent,1273.5
603,40,CE,4,constituent,942.6
604,40,CE,6,nonconstituent,1125.7
605,40,CE,11,constituent,793
606,40,CE,20,unrelated,1332.1
607,40,CE,22,nonconstituent,809.6
608,40,CE,25,nonconstituent,716.6
609,40,CE,34,unrelated,1293.4
610,40,CE,40,unrelated,761.4
611,40,CE,44,constituent,1029.7
612,40,CE,50,nonconstituent,809.5
613,40,CE,58,nonconstituent,848.5
614,40,CE,103,unrelated,1210.3
615,40,CE,111,unrelated,676.4
616,40,CE,120,constituent,797
617,41,CE,4,constituent,1039.6
618,41,CE,6,nonconstituent,1222.7
619,41,CE,11,constituent,890
620,41,CE,20,unrelated,1429.1
621,41,CE,22,nonconstituent,906.6
622,41,CE,25,nonconstituent,813.6
623,41,CE,34,unrelated,1390.4
624,41,CE,40,unrelated,858.4
625,41,CE,44,constituent,1126.7
626,41,CE,50,nonconstituent,906.5
627,41,CE,58,nonconstituent,945.5
628,41,CE,103,unrelated,1307.3
629,41,CE,111,unrelated,773.4
630,41,CE,120,constituent,894
631,42,CE,4,constituent,996.6
632,42,CE,6,nonconstituent,1179.7
633,42,CE,11,constituent,847
634,42,CE,20,unrelated,1386.1
635,42,CE,22,nonconstituent,863.6
636,42,CE,25,nonconstituent,770.6
637,42,CE,34,unrelated,1347.4
638,42,CE,40,unrelated,815.4
639,42,CE,44,constituent,1083.7
640,42,CE,50,nonconstituent,863.5
641,42,CE,58,nonconstituent,902.5
642,42,CE,103,unrelated,1264.3
643,42,CE,111,unrelated,730.4
644,42,CE,120,constituent,851
645,43,CE,6,unrelated,1431.9
646,43,CE,11,nonconstituent,1244.7
647,43,CE,15,unrelated,1508
648,43,CE,20,constituent,1389.3
649,43,CE,22,unrelated,1256.7
650,43,CE,25,unrelated,1185.7
651,43,CE,34,constituent,943
652,43,CE,40,constituent,1073.9
653,43,CE,44,nonconstituent,1502.3
654,43,CE,54,constituent,1063.3
655,43,CE,58,unrelated,729.7
656,43,CE,87,nonconstituent,871.9
657,43,CE,92,nonconstituent,1022.9
658,43,CE,103,constituent,914.4
659,43,CE,111,constituent,731.8
660,43,CE,120,nonconstituent,634.6
661,44,CE,4,nonconstituent,754
662,44,CE,6,unrelated,1079
663,44,CE,11,nonconstituent,736
664,44,CE,15,unrelated,1358
665,44,CE,20,constituent,858
666,44,CE,22,unrelated,813
667,44,CE,25,unrelated,1033
668,44,CE,34,constituent,989
669,44,CE,40,constituent,743
670,44,CE,44,nonconstituent,777
671,44,CE,50,unrelated,1037
672,44,CE,54,constituent,866
673,44,CE,58,unrelated,846
674,44,CE,87,nonconstituent,707
675,44,CE,92,nonconstituent,805
676,44,CE,103,constituent,864
677,44,CE,111,constituent,850
678,44,CE,120,nonconstituent,764
679,45,CE,4,unrelated,1737
680,45,CE,6,constituent,1361
681,45,CE,11,unrelated,1171
682,45,CE,15,constituent,1300
683,45,CE,20,nonconstituent,1112
684,45,CE,22,constituent,1202
685,45,CE,25,constituent,793
686,45,CE,34,nonconstituent,1194
687,45,CE,40,nonconstituent,1220
688,45,CE,44,unrelated,1118
689,45,CE,50,constituent,804
690,45,CE,54,nonconstituent,1035
691,45,CE,58,constituent,1072
692,45,CE,87,unrelated,971
693,45,CE,92,unrelated,1256
694,45,CE,103,nonconstituent,666
695,45,CE,111,nonconstituent,1254
696,45,CE,120,unrelated,1247
697,46,CE,4,nonconstituent,783.3
698,46,CE,6,unrelated,888.2
699,46,CE,11,nonconstituent,969.9
700,46,CE,15,unrelated,1078.8
701,46,CE,20,constituent,878.5
702,46,CE,25,unrelated,1179.4
703,46,CE,34,constituent,920.1
704,46,CE,40,constituent,905.1
705,46,CE,44,nonconstituent,788.8
706,46,CE,50,unrelated,975.8
707,46,CE,54,constituent,679.8
708,46,CE,58,unrelated,1110.4
709,46,CE,87,nonconstituent,765.2
710,46,CE,92,nonconstituent,743.3
711,46,CE,103,constituent,983.9
712,46,CE,111,constituent,743
713,46,CE,120,nonconstituent,876.1
714,47,CE,4,nonconstituent,866.3
715,47,CE,6,unrelated,971.2
716,47,CE,11,nonconstituent,1052.9
717,47,CE,15,unrelated,1161.8
718,47,CE,20,constituent,961.5
719,47,CE,25,unrelated,1262.4
720,47,CE,34,constituent,1003.1
721,47,CE,40,constituent,988.1
722,47,CE,44,nonconstituent,871.8
723,47,CE,50,unrelated,1058.8
724,47,CE,54,constituent,762.8
725,47,CE,58,unrelated,1193.4
726,47,CE,87,nonconstituent,848.2
727,47,CE,92,nonconstituent,826.3
728,47,CE,103,constituent,1066.9
729,47,CE,111,constituent,826
730,47,CE,120,nonconstituent,959.1
731,48,CE,4,nonconstituent,835.3
732,48,CE,6,unrelated,940.2
733,48,CE,11,nonconstituent,1021.9
734,48,CE,15,unrelated,1130.8
735,48,CE,20,constituent,930.5
736,48,CE,25,unrelated,1231.4
737,48,CE,34,constituent,972.1
738,48,CE,40,constituent,957.1
739,48,CE,44,nonconstituent,840.8
740,48,CE,50,unrelated,1027.8
741,48,CE,54,constituent,731.8
742,48,CE,58,unrelated,1162.4
743,48,CE,87,nonconstituent,817.2
744,48,CE,92,nonconstituent,795.3
745,48,CE,103,constituent,1035.9
746,48,CE,111,constituent,795
747,48,CE,120,nonconstituent,928.1
748,49,NE,4,constituent,1133.6
749,49,NE,6,nonconstituent,822.8
750,49,NE,11,constituent,1013.1
751,49,NE,20,unrelated,1118.8
752,49,NE,22,nonconstituent,1171.1
753,49,NE,25,nonconstituent,1792.9
754,49,NE,34,unrelated,1706
755,49,NE,40,unrelated,1225.7
756,49,NE,44,constituent,1049.6
757,49,NE,50,nonconstituent,955.6
758,49,NE,58,nonconstituent,1116.8
759,49,NE,87,constituent,991.9
760,49,NE,92,constituent,1059.7
761,49,NE,103,unrelated,1290.3
762,49,NE,120,constituent,1203.1
763,50,NE,4,unrelated,1569
764,50,NE,6,constituent,741.4
765,50,NE,11,unrelated,1001.9
766,50,NE,15,constituent,1013.6
767,50,NE,20,nonconstituent,1240.3
768,50,NE,22,constituent,634.6
769,50,NE,25,constituent,990.7
770,50,NE,34,nonconstituent,1149.2
771,50,NE,40,nonconstituent,637.5
772,50,NE,44,unrelated,1447.5
773,50,NE,50,constituent,702.5
774,50,NE,54,nonconstituent,948.6
775,50,NE,58,constituent,585.6
776,50,NE,87,unrelated,962.1
777,50,NE,92,unrelated,1552.6
778,50,NE,103,nonconstituent,671.2
779,50,NE,111,nonconstituent,844.8
780,50,NE,120,unrelated,1245.3
781,51,NE,4,unrelated,680.6
782,51,NE,6,constituent,709.2
783,51,NE,11,unrelated,638.2
784,51,NE,15,constituent,401.5
785,51,NE,20,nonconstituent,599.5
786,51,NE,22,constituent,465.9
787,51,NE,25,constituent,448.6
788,51,NE,34,nonconstituent,732.9
789,51,NE,40,nonconstituent,485.1
790,51,NE,44,unrelated,669
791,51,NE,50,constituent,393.1
792,51,NE,54,nonconstituent,512.8
793,51,NE,58,constituent,531.1
794,51,NE,87,unrelated,888.1
795,51,NE,92,unrelated,651.2
796,51,NE,103,nonconstituent,604.7
797,51,NE,111,nonconstituent,543.1
798,51,NE,120,unrelated,807.7
799,52,NE,6,nonconstituent,1508
800,52,NE,11,constituent,1380
801,52,NE,15,nonconstituent,1506
802,52,NE,20,unrelated,1071
803,52,NE,22,nonconstituent,722
804,52,NE,25,nonconstituent,699
805,52,NE,34,unrelated,1403
806,52,NE,40,unrelated,1154
807,52,NE,44,constituent,880
808,52,NE,50,nonconstituent,1467
809,52,NE,54,unrelated,765
810,52,NE,58,nonconstituent,1184
811,52,NE,87,constituent,696
812,52,NE,92,constituent,754
813,52,NE,111,unrelated,883
814,52,NE,120,constituent,900
815,53,NE,6,nonconstituent,874.5
816,53,NE,11,constituent,763
817,53,NE,15,nonconstituent,1532.3
818,53,NE,20,unrelated,1000.7
819,53,NE,22,nonconstituent,1263.1
820,53,NE,25,nonconstituent,810.7
821,53,NE,34,unrelated,1211.8
822,53,NE,40,unrelated,777.2
823,53,NE,44,constituent,804.5
824,53,NE,50,nonconstituent,734.6
825,53,NE,54,unrelated,728.1
826,53,NE,58,nonconstituent,733.6
827,53,NE,87,constituent,850.3
828,53,NE,92,constituent,1381.8
829,53,NE,103,unrelated,860.9
830,53,NE,111,unrelated,1054.6
831,53,NE,120,constituent,671.5
832,54,NE,6,unrelated,1927.1
833,54,NE,11,nonconstituent,1422.1
834,54,NE,15,unrelated,1723
835,54,NE,20,constituent,1717.8
836,54,NE,22,unrelated,1720.8
837,54,NE,25,unrelated,1321.4
838,54,NE,34,constituent,1374.1
839,54,NE,40,constituent,976.4
840,54,NE,44,nonconstituent,1184.5
841,54,NE,50,unrelated,1151
842,54,NE,54,constituent,950.9
843,54,NE,58,unrelated,1001
844,54,NE,87,nonconstituent,1319.2
845,54,NE,92,nonconstituent,1433.7
846,54,NE,103,constituent,1198.9
847,54,NE,111,constituent,1252.8
848,54,NE,120,nonconstituent,1181.4
849,55,NE,4,nonconstituent,1733.7
850,55,NE,6,unrelated,1583.2
851,55,NE,11,nonconstituent,958.4
852,55,NE,15,unrelated,1581.3
853,55,NE,20,constituent,1222.8
854,55,NE,22,unrelated,1054.6
855,55,NE,25,unrelated,1158.3
856,55,NE,34,constituent,1109.4
857,55,NE,40,constituent,1041.1
858,55,NE,44,nonconstituent,1178.1
859,55,NE,50,unrelated,1262.4
860,55,NE,54,constituent,1117.2
861,55,NE,58,unrelated,1384.1
862,55,NE,87,nonconstituent,1160.3
863,55,NE,92,nonconstituent,1151.7
864,55,NE,103,constituent,1007.8
865,55,NE,111,constituent,1050
866,55,NE,120,nonconstituent,850.6
867,56,NE,4,nonconstituent,1751.9
868,56,NE,6,unrelated,1722.5
869,56,NE,11,nonconstituent,1385.5
870,56,NE,20,constituent,1135.2
871,56,NE,22,unrelated,1352.1
872,56,NE,25,unrelated,1403.6
873,56,NE,34,constituent,902
874,56,NE,40,constituent,804
875,56,NE,44,nonconstituent,808.1
876,56,NE,54,constituent,917.6
877,56,NE,58,unrelated,1334.1
878,56,NE,87,nonconstituent,791.3
879,56,NE,92,nonconstituent,1101.3
880,56,NE,103,constituent,822.7
881,56,NE,111,constituent,1545.3
882,56,NE,120,nonconstituent,1051.8
883,57,NE,6,nonconstituent,1064
884,57,NE,11,constituent,1023
885,57,NE,15,nonconstituent,1408
886,57,NE,20,unrelated,1141
887,57,NE,22,nonconstituent,1169
888,57,NE,25,nonconstituent,1292
889,57,NE,34,unrelated,1547
890,57,NE,40,unrelated,1106
891,57,NE,44,constituent,1037
892,57,NE,50,nonconstituent,1078
893,57,NE,54,unrelated,1257
894,57,NE,58,nonconstituent,910
895,57,NE,87,constituent,866
896,57,NE,92,constituent,920
897,57,NE,103,unrelated,1178
898,57,NE,111,unrelated,1320
899,57,NE,120,constituent,1078
900,58,NE,6,nonconstituent,1489.7
901,58,NE,11,constituent,1034
902,58,NE,15,nonconstituent,1311.5
903,58,NE,22,nonconstituent,1068.5
904,58,NE,25,nonconstituent,1393.8
905,58,NE,34,unrelated,1631.2
906,58,NE,44,constituent,1157.2
907,58,NE,50,nonconstituent,1283.6
908,58,NE,54,unrelated,895.1
909,58,NE,58,nonconstituent,1120.8
910,58,NE,87,constituent,1013.9
911,58,NE,103,unrelated,1448.9
912,59,NE,8,constituent,1116.4
913,59,NE,11,constituent,637.3
914,59,NE,15,nonconstituent,909.7
915,59,NE,20,unrelated,1012.8
916,59,NE,22,nonconstituent,844
917,59,NE,25,nonconstituent,649.3
918,59,NE,34,unrelated,1024.7
919,59,NE,40,unrelated,784.6
920,59,NE,44,constituent,598.8
921,59,NE,50,nonconstituent,766.6
922,59,NE,58,nonconstituent,716
923,59,NE,87,constituent,614.1
924,59,NE,92,constituent,821.2
925,59,NE,103,unrelated,1048.5
926,59,NE,111,unrelated,853
927,59,NE,120,constituent,531.1
928,60,NE,6,constituent,1421.9
929,60,NE,8,unrelated,1217.5
930,60,NE,11,unrelated,1079.2
931,60,NE,15,constituent,1084.2
932,60,NE,20,nonconstituent,1252
933,60,NE,22,constituent,784.3
934,60,NE,25,constituent,1201
935,60,NE,34,nonconstituent,717.4
936,60,NE,40,nonconstituent,634.3
937,60,NE,44,unrelated,883.1
938,60,NE,50,constituent,634.4
939,60,NE,54,nonconstituent,750.7
940,60,NE,58,constituent,651.4
941,60,NE,87,unrelated,834.7
942,60,NE,92,unrelated,930
943,60,NE,103,nonconstituent,663.7
944,60,NE,111,nonconstituent,1292.2
945,60,NE,120,unrelated,750.5
946,61,NE,6,nonconstituent,1208
947,61,NE,8,constituent,928.6
948,61,NE,11,constituent,1318.6
949,61,NE,15,nonconstituent,1469.3
950,61,NE,20,unrelated,1587.9
951,61,NE,22,nonconstituent,1009.8
952,61,NE,25,nonconstituent,1469.4
953,61,NE,34,unrelated,1509
954,61,NE,40,unrelated,1240.8
955,61,NE,44,constituent,1073.6
956,61,NE,50,nonconstituent,925.2
957,61,NE,54,unrelated,1402.7
958,61,NE,58,nonconstituent,1814.5
959,61,NE,87,constituent,1675
960,61,NE,92,constituent,1285.8
961,61,NE,103,unrelated,1803.1
962,61,NE,120,constituent,1175.3
963,62,NE,4,unrelated,446.9
964,62,NE,6,constituent,1059.5
965,62,NE,11,unrelated,1036.4
966,62,NE,15,constituent,1385.2
967,62,NE,20,nonconstituent,1384.3
968,62,NE,22,constituent,945.5
969,62,NE,25,constituent,977.3
970,62,NE,34,nonconstituent,1175.3
971,62,NE,40,nonconstituent,920
972,62,NE,44,unrelated,603.3
973,62,NE,50,constituent,1253.5
974,62,NE,54,nonconstituent,1132.7
975,62,NE,58,constituent,1059.5
976,62,NE,87,unrelated,1515.1
977,62,NE,92,unrelated,920
978,62,NE,103,nonconstituent,977.3
979,62,NE,111,nonconstituent,1589.1
980,62,NE,120,unrelated,1269.1
981,63,NE,4,nonconstituent,1354.2
982,63,NE,6,unrelated,1585.1
983,63,NE,11,nonconstituent,1029.6
984,63,NE,15,unrelated,1119.4
985,63,NE,20,constituent,1037.3
986,63,NE,22,unrelated,1501.8
987,63,NE,25,unrelated,1349.9
988,63,NE,34,constituent,1028.9
989,63,NE,40,constituent,1049.7
990,63,NE,44,nonconstituent,1446.2
991,63,NE,50,unrelated,1460.4
992,63,NE,54,constituent,1120.9
993,63,NE,58,unrelated,1808.3
994,63,NE,87,nonconstituent,886.6
995,63,NE,92,nonconstituent,1400.3
996,63,NE,103,constituent,1084
997,63,NE,111,constituent,1251.4
998,63,NE,120,nonconstituent,1004.5
999,64,NE,4,constituent,521.8
1000,64,NE,6,nonconstituent,763.5
1001,64,NE,11,constituent,609.4
1002,64,NE,15,nonconstituent,672.7
1003,64,NE,20,unrelated,751.4
1004,64,NE,22,nonconstituent,701.6
1005,64,NE,25,nonconstituent,777.8
1006,64,NE,34,unrelated,823.9
1007,64,NE,40,unrelated,724.2
1008,64,NE,44,constituent,608.6
1009,64,NE,50,nonconstituent,725.9
1010,64,NE,54,unrelated,630.6
1011,64,NE,58,nonconstituent,682.7
1012,64,NE,87,constituent,716.3
1013,64,NE,92,constituent,815.3
1014,64,NE,103,unrelated,794
1015,64,NE,111,unrelated,977.3
1016,64,NE,120,constituent,608.6
1017,65,NE,6,nonconstituent,1222.4
1018,65,NE,11,constituent,900.8
1019,65,NE,15,nonconstituent,1408.4
1020,65,NE,20,unrelated,1195.2
1021,65,NE,22,nonconstituent,998.1
1022,65,NE,25,nonconstituent,1237.8
1023,65,NE,34,unrelated,1128.1
1024,65,NE,40,unrelated,1040.5
1025,65,NE,44,constituent,1231.2
1026,65,NE,50,nonconstituent,1452.8
1027,65,NE,54,unrelated,1334.8
1028,65,NE,58,nonconstituent,1042.2
1029,65,NE,87,constituent,1120.6
1030,65,NE,92,constituent,896.9
1031,65,NE,103,unrelated,1311.6
1032,65,NE,111,unrelated,1277.5
1033,65,NE,120,constituent,772.2
1034,66,NE,4,nonconstituent,586
1035,66,NE,6,unrelated,791.3
1036,66,NE,11,nonconstituent,986.1
1037,66,NE,20,constituent,987.3
1038,66,NE,25,unrelated,1521.3
1039,66,NE,34,constituent,458.7
1040,66,NE,40,constituent,1018.5
1041,66,NE,44,nonconstituent,845.3
1042,66,NE,50,unrelated,1350.2
1043,66,NE,54,constituent,670.2
1044,66,NE,58,unrelated,1316.6
1045,66,NE,87,nonconstituent,954.3
1046,66,NE,92,nonconstituent,890.3
1047,66,NE,103,constituent,651
1048,66,NE,111,constituent,1124.9
1049,66,NE,120,nonconstituent,1123.8
1050,67,NE,4,unrelated,983.9
1051,67,NE,6,constituent,736.2
1052,67,NE,11,unrelated,1379.1
1053,67,NE,15,constituent,725.7
1054,67,NE,20,nonconstituent,886.7
1055,67,NE,22,constituent,481
1056,67,NE,25,constituent,712.3
1057,67,NE,34,nonconstituent,1277.5
1058,67,NE,40,nonconstituent,1211.5
1059,67,NE,44,unrelated,1437.6
1060,67,NE,50,constituent,635.4
1061,67,NE,54,nonconstituent,1050.2
1062,67,NE,58,constituent,893.7
1063,67,NE,87,unrelated,1065.9
1064,67,NE,92,unrelated,1475.3
1065,67,NE,103,nonconstituent,609.6
1066,67,NE,111,nonconstituent,942.8
1067,67,NE,120,unrelated,1295.4
1068,68,NE,4,nonconstituent,982
1069,68,NE,6,unrelated,1113.1
1070,68,NE,11,nonconstituent,1013.8
1071,68,NE,15,unrelated,1186
1072,68,NE,20,constituent,1127.9
1073,68,NE,22,unrelated,995.9
1074,68,NE,25,unrelated,1085
1075,68,NE,34,constituent,663.7
1076,68,NE,40,constituent,1538.4
1077,68,NE,44,nonconstituent,1019
1078,68,NE,50,unrelated,970.2
1079,68,NE,54,constituent,824.4
1080,68,NE,58,unrelated,1164.2
1081,68,NE,87,nonconstituent,973.3
1082,68,NE,92,nonconstituent,1038.3
1083,68,NE,103,constituent,958.9
1084,68,NE,111,constituent,550.6
1085,68,NE,120,nonconstituent,1135.6
1086,69,NE,6,constituent,784.7
1087,69,NE,15,constituent,1053.8
1088,69,NE,20,nonconstituent,1227.6
1089,69,NE,22,constituent,1169.8
1090,69,NE,25,constituent,1356.7
1091,69,NE,44,unrelated,1297.1
1092,69,NE,50,constituent,952.9
1093,69,NE,54,nonconstituent,1706.8
1094,69,NE,58,constituent,1527.2
1095,69,NE,87,unrelated,1532.2
1096,69,NE,92,unrelated,1327.1
1097,69,NE,103,nonconstituent,1623.9
1098,69,NE,111,nonconstituent,1414.6
1099,70,NE,6,nonconstituent,1894.2
1100,70,NE,11,constituent,866.4
1101,70,NE,15,nonconstituent,1670.4
1102,70,NE,20,unrelated,506.3
1103,70,NE,22,nonconstituent,1284
1104,70,NE,25,nonconstituent,1206.2
1105,70,NE,34,unrelated,1187.9
1106,70,NE,40,unrelated,952.3
1107,70,NE,44,constituent,1240.1
1108,70,NE,50,nonconstituent,1231.9
1109,70,NE,54,unrelated,1185.8
1110,70,NE,58,nonconstituent,981.3
1111,70,NE,87,constituent,481.3
1112,70,NE,92,constituent,771.1
1113,70,NE,111,unrelated,1248.3
1114,70,NE,120,constituent,1390.9
1115,71,NE,6,unrelated,1267.5
1116,71,NE,11,nonconstituent,1143.2
1117,71,NE,15,unrelated,957.3
1118,71,NE,20,constituent,1095.8
1119,71,NE,22,unrelated,1542.2
1120,71,NE,25,unrelated,987.8
1121,71,NE,34,constituent,846.1
1122,71,NE,40,constituent,937.4
1123,71,NE,44,nonconstituent,832.3
1124,71,NE,54,constituent,1001
1125,71,NE,58,unrelated,834.4
1126,71,NE,87,nonconstituent,1038.9
1127,71,NE,92,nonconstituent,1045.2
1128,71,NE,103,constituent,1434.3
1129,71,NE,111,constituent,568.6
1130,71,NE,120,nonconstituent,1266
1131,72,NE,4,unrelated,771.6
1132,72,NE,6,constituent,800.2
1133,72,NE,11,unrelated,729.2
1134,72,NE,15,constituent,492.5
1135,72,NE,20,nonconstituent,690.5
1136,72,NE,22,constituent,556.9
1137,72,NE,25,constituent,539.6
1138,72,NE,34,nonconstituent,823.9
1139,72,NE,40,nonconstituent,576.1
1140,72,NE,44,unrelated,760
1141,72,NE,50,constituent,484.1
1142,72,NE,54,nonconstituent,603.8
1143,72,NE,58,constituent,622.1
1144,72,NE,87,unrelated,979.1
1145,72,NE,92,unrelated,742.2
1146,72,NE,103,nonconstituent,695.7
1147,72,NE,111,nonconstituent,634.1
1148,72,NE,120,unrelated,898.7
1149,73,NE,4,unrelated,842.6
1150,73,NE,6,constituent,871.2
1151,73,NE,11,unrelated,800.2
1152,73,NE,15,constituent,563.5
1153,73,NE,20,nonconstituent,761.5
1154,73,NE,22,constituent,627.9
1155,73,NE,25,constituent,610.6
1156,73,NE,34,nonconstituent,894.9
1157,73,NE,40,nonconstituent,647.1
1158,73,NE,44,unrelated,831
1159,73,NE,50,constituent,555.1
1160,73,NE,54,nonconstituent,674.8
1161,73,NE,58,constituent,693.1
1162,73,NE,87,unrelated,1050.1
1163,73,NE,92,unrelated,813.2
1164,73,NE,103,nonconstituent,766.7
1165,73,NE,111,nonconstituent,705.1
1166,73,NE,120,unrelated,969.7
1167,74,NE,6,unrelated,1859.1
1168,74,NE,11,nonconstituent,1354.1
1169,74,NE,15,unrelated,1655
1170,74,NE,20,constituent,1649.8
1171,74,NE,22,unrelated,1652.8
1172,74,NE,25,unrelated,1253.4
1173,74,NE,34,constituent,1306.1
1174,74,NE,40,constituent,908.4
1175,74,NE,44,nonconstituent,1116.5
1176,74,NE,50,unrelated,1083
1177,74,NE,54,constituent,882.9
1178,74,NE,58,unrelated,933
1179,74,NE,87,nonconstituent,1251.2
1180,74,NE,92,nonconstituent,1365.7
1181,74,NE,103,constituent,1130.9
1182,74,NE,111,constituent,1184.8
1183,74,NE,120,nonconstituent,1113.4
1184,75,NE,4,unrelated,1497
1185,75,NE,6,constituent,669.4
1186,75,NE,11,unrelated,929.9
1187,75,NE,15,constituent,941.6
1188,75,NE,20,nonconstituent,1168.3
1189,75,NE,22,constituent,562.6
1190,75,NE,25,constituent,918.7
1191,75,NE,34,nonconstituent,1077.2
1192,75,NE,40,nonconstituent,565.5
1193,75,NE,44,unrelated,1375.5
1194,75,NE,50,constituent,630.5
1195,75,NE,54,nonconstituent,876.6
1196,75,NE,58,constituent,513.6
1197,75,NE,87,unrelated,890.1
1198,75,NE,92,unrelated,1480.6
1199,75,NE,103,nonconstituent,599.2
1200,75,NE,111,nonconstituent,772.8
1201,75,NE,120,unrelated,1173.3
1202,76,NE,4,unrelated,1535
1203,76,NE,6,constituent,707.4
1204,76,NE,11,unrelated,967.9
1205,76,NE,15,constituent,979.6
1206,76,NE,20,nonconstituent,1206.3
1207,76,NE,22,constituent,600.6
1208,76,NE,25,constituent,956.7
1209,76,NE,34,nonconstituent,1115.2
1210,76,NE,40,nonconstituent,603.5
1211,76,NE,44,unrelated,1413.5
1212,76,NE,50,constituent,668.5
1213,76,NE,54,nonconstituent,914.6
1214,76,NE,58,constituent,551.6
1215,76,NE,87,unrelated,928.1
1216,76,NE,92,unrelated,1518.6
1217,76,NE,103,nonconstituent,637.2
1218,76,NE,111,nonconstituent,810.8
1219,76,NE,120,unrelated,1211.3
1220,77,NE,4,nonconstituent,1672.7
1221,77,NE,6,unrelated,1522.2
1222,77,NE,11,nonconstituent,897.4
1223,77,NE,15,unrelated,1520.3
1224,77,NE,20,constituent,1161.8
1225,77,NE,22,unrelated,993.6
1226,77,NE,25,unrelated,1097.3
1227,77,NE,34,constituent,1048.4
1228,77,NE,40,constituent,980.1
1229,77,NE,44,nonconstituent,1117.1
1230,77,NE,50,unrelated,1201.4
1231,77,NE,54,constituent,1056.2
1232,77,NE,58,unrelated,1323.1
1233,77,NE,87,nonconstituent,1099.3
1234,77,NE,92,nonconstituent,1090.7
1235,77,NE,103,constituent,946.8
1236,77,NE,111,constituent,989
1237,77,NE,120,nonconstituent,789.6
1238,78,NE,4,nonconstituent,1645.7
1239,78,NE,6,unrelated,1495.2
1240,78,NE,11,nonconstituent,870.4
1241,78,NE,15,unrelated,1493.3
1242,78,NE,20,constituent,1134.8
1243,78,NE,22,unrelated,966.6
1244,78,NE,25,unrelated,1070.3
1245,78,NE,34,constituent,1021.4
1246,78,NE,40,constituent,953.1
1247,78,NE,44,nonconstituent,1090.1
1248,78,NE,50,unrelated,1174.4
1249,78,NE,54,constituent,1029.2
1250,78,NE,58,unrelated,1296.1
1251,78,NE,87,nonconstituent,1072.3
1252,78,NE,92,nonconstituent,1063.7
1253,78,NE,103,constituent,919.8
1254,78,NE,111,constituent,962
1255,78,NE,120,nonconstituent,762.6
